,0
0,0.0
1,18000.0
2,33200.0
3,20900.0
4,19400.0
5,27300.0
6,25000.0
7,0.0
8,0.0
9,0.0
10,39300.0
11,20300.0
12,50200.0
13,10600.0
14,36400.0
15,0.0
16,36400.0
17,34700.0
18,0.0
19,0.0
20,0.0
21,0.0
22,35800.0
23,35700.0
24,31000.0
25,49000.0
26,35800.0
27,50000.0
28,25100.0
29,34600.0
30,0.0
31,28400.0
32,36500.0
33,33000.0
34,27500.0
35,11900.0
36,0.0
37,0.0
38,0.0
39,22400.0
40,0.0
41,60600.0
42,0.0
43,0.0
44,0.0
45,0.0
46,13500.0
47,17100.0
48,0.0
49,0.0
50,0.0
51,0.0
52,18800.0
53,41900.0
54,0.0
55,53200.0
56,49000.0
57,38600.0
58,0.0
59,28200.0
60,0.0
61,29700.0
62,25000.0
63,29300.0
64,30400.0
65,0.0
66,25200.0
67,24200.0
68,20200.0
69,29300.0
70,24600.0
71,27500.0
72,0.0
73,0.0
74,0.0
75,0.0
76,0.0
77,828.0
78,0.0
79,21600.0
80,0.0
81,30800.0
82,0.0
83,0.0
84,0.0
85,0.0
86,0.0
87,12300.0
88,8000.0
89,21800.0
90,19500.0
91,14500.0
92,14500.0
93,0.0
94,34600.0
95,34600.0
96,34600.0
97,34600.0
98,34600.0
99,34600.0
100,34600.0
101,34600.0
102,0.0
103,8000.0
104,14500.0
105,25200.0
106,0.0
107,0.0
108,40900.0
109,0.0
110,0.0
111,29400.0
112,21000.0
113,23500.0
114,0.0
115,19200.0
116,0.0
117,14400.0
118,900.0
119,16300.0
120,0.0
121,11100.0
122,33500.0
123,33500.0
124,0.0
125,0.0
126,0.0
127,0.0
128,28300.0
129,32200.0
130,0.0
131,0.0
132,26600.0
133,24500.0
134,18000.0
135,29000.0
136,28500.0
137,17600.0
138,31900.0
139,0.0
140,14300.0
141,17300.0
142,11900.0
143,17300.0
144,43000.0
145,26300.0
146,17300.0
147,37600.0
148,25500.0
149,0.0
150,0.0
151,16600.0
152,15400.0
153,14200.0
154,13000.0
155,0.0
156,0.0
157,15300.0
158,11900.0
159,24000.0
160,23900.0
161,12200.0
162,16900.0
163,21300.0
164,24100.0
165,20200.0
166,28300.0
167,0.0
168,19200.0
169,19200.0
170,0.0
171,26100.0
172,15500.0
173,18200.0
174,0.0
175,0.0
176,20500.0
177,0.0
178,0.0
179,0.0
180,20300.0
181,0.0
182,0.0
183,0.0
184,0.0
185,13500.0
186,28300.0
187,0.0
188,15400.0
189,36800.0
190,19600.0
191,0.0
192,22500.0
193,40600.0
194,10500.0
195,21300.0
196,19000.0
197,0.0
198,0.0
199,0.0
200,0.0
201,0.0
202,0.0
203,0.0
204,0.0
205,26500.0
206,29200.0
207,34000.0
208,37900.0
209,16300.0
210,16300.0
211,0.0
212,0.0
213,47000.0
214,34800.0
215,40400.0
216,16000.0
217,16500.0
218,19200.0
219,20300.0
220,13200.0
221,20200.0
222,0.0
223,0.0
224,44000.0
225,0.0
226,30600.0
227,16000.0
228,0.0
229,22300.0
230,0.0
231,0.0
232,24100.0
233,24100.0
234,15300.0
235,14400.0
236,19200.0
237,0.0
238,16300.0
239,0.0
240,0.0
241,0.0
242,0.0
243,0.0
244,23600.0
245,15600.0
246,20400.0
247,32700.0
248,0.0
249,17400.0
250,25000.0
251,0.0
252,0.0
253,0.0
254,0.0
255,18000.0
256,38800.0
257,19100.0
258,0.0
259,91700.0
260,0.0
261,43100.0
262,26300.0
263,26300.0
264,19000.0
265,20000.0
266,0.0
267,0.0
268,0.0
269,0.0
270,19000.0
271,0.0
272,16000.0
273,24000.0
274,0.0
275,0.0
276,0.0
277,0.0
278,0.0
279,0.0
280,0.0
281,0.0
282,0.0
283,21100.0
284,0.0
285,18000.0
286,18200.0
287,0.0
288,24000.0
289,36700.0
290,20200.0
291,0.0
292,27300.0
293,25900.0
294,25800.0
295,26100.0
296,0.0
297,0.0
298,33500.0
299,30000.0
300,25500.0
301,21400.0
302,29500.0
303,25500.0
304,16700.0
305,21400.0
306,10300.0
307,29100.0
308,12900.0
309,29100.0
310,0.0
311,0.0
312,23600.0
313,12300.0
314,0.0
315,35300.0
316,31600.0
317,34200.0
318,26300.0
319,0.0
320,18800.0
321,24000.0
322,0.0
323,0.0
324,0.0
325,0.0
326,0.0
327,0.0
328,15000.0
329,30700.0
330,0.0
331,21800.0
332,24500.0
333,30400.0
334,37300.0
335,29400.0
336,0.0
337,18100.0
338,14300.0
339,17400.0
340,23900.0
341,24000.0
342,19000.0
343,0.0
344,16000.0
345,0.0
346,0.0
347,0.0
348,24000.0
349,15400.0
350,15400.0
351,0.0
352,0.0
353,0.0
354,0.0
355,15100.0
356,19400.0
357,12700.0
358,0.0
359,21300.0
360,0.0
361,41100.0
362,0.0
363,0.0
364,0.0
365,13500.0
366,10000.0
367,10000.0
368,0.0
369,0.0
370,11900.0
371,38800.0
372,11900.0
373,11900.0
374,11900.0
375,170086.0
376,0.0
377,87500.0
378,0.0
379,18300.0
380,0.0
381,28300.0
382,0.0
383,0.0
384,0.0
385,20000.0
386,22300.0
387,12300.0
388,0.0
389,27000.0
390,0.0
391,0.0
392,0.0
393,0.0
394,0.0
395,16000.0
396,29600.0
397,29600.0
398,16600.0
399,33100.0
400,19200.0
401,26100.0
402,57000.0
403,87800.0
404,64300.0
405,16800.0
406,0.0
407,29500.0
408,12100.0
409,0.0
410,40900.0
411,0.0
412,0.0
413,22800.0
414,38300.0
415,25900.0
416,12900.0
417,12900.0
418,16900.0
419,0.0
420,0.0
421,47300.0
422,14300.0
423,14200.0
424,0.0
425,0.0
426,0.0
427,0.0
428,0.0
429,0.0
430,0.0
431,8000.0
432,13500.0
433,0.0
434,34800.0
435,20400.0
436,0.0
437,0.0
438,0.0
439,0.0
440,27500.0
441,20400.0
442,23900.0
443,22700.0
444,0.0
445,0.0
446,0.0
447,0.0
448,0.0
449,33600.0
450,0.0
451,0.0
452,28500.0
453,0.0
454,0.0
455,0.0
456,25000.0
457,23700.0
458,10700.0
459,16000.0
460,24000.0
461,10700.0
462,11800.0
463,0.0
464,21300.0
465,10700.0
466,23500.0
467,0.0
468,20000.0
469,0.0
470,14300.0
471,18300.0
472,21400.0
473,21400.0
474,21400.0
475,0.0
476,32900.0
477,37800.0
478,0.0
479,25200.0
480,0.0
481,0.0
482,0.0
483,0.0
484,0.0
485,0.0
486,0.0
487,0.0
488,0.0
489,31100.0
490,25700.0
491,0.0
492,20300.0
493,9600.0
494,0.0
495,0.0
496,14300.0
497,21400.0
498,20300.0
499,21500.0
500,0.0
501,14300.0
502,0.0
503,0.0
504,21600.0
505,0.0
506,0.0
507,27700.0
508,19200.0
509,40200.0
510,0.0
511,0.0
512,33500.0
513,0.0
514,0.0
515,0.0
516,23200.0
517,21200.0
518,0.0
519,34300.0
520,17400.0
521,19100.0
522,15500.0
523,15500.0
524,18300.0
525,18000.0
526,15500.0
527,15500.0
528,14300.0
529,0.0
530,0.0
531,14100.0
532,0.0
533,17100.0
534,0.0
535,27000.0
536,19200.0
537,0.0
538,0.0
539,19100.0
540,24800.0
541,0.0
542,25500.0
543,36700.0
544,9600.0
545,23600.0
546,18600.0
547,19900.0
548,32500.0
549,0.0
550,22800.0
551,2100.0
552,14700.0
553,41900.0
554,14700.0
555,17600.0
556,30700.0
557,0.0
558,24000.0
559,0.0
560,53800.0
561,0.0
562,28300.0
563,41700.0
564,18100.0
565,18100.0
566,29800.0
567,0.0
568,21800.0
569,17300.0
570,42400.0
571,48000.0
572,0.0
573,20000.0
574,10000.0
575,0.0
576,0.0
577,35300.0
578,25200.0
579,24200.0
580,0.0
581,42100.0
582,19000.0
583,12100.0
584,25600.0
585,19200.0
586,47300.0
587,15600.0
588,0.0
589,166600.0
590,87800.0
591,0.0
592,13000.0
593,0.0
594,16500.0
595,20300.0
596,0.0
597,19000.0
598,0.0
599,0.0
600,15400.0
601,15400.0
602,0.0
603,0.0
604,0.0
605,0.0
606,0.0
607,38300.0
608,24200.0
609,24200.0
610,0.0
611,25000.0
612,0.0
613,23900.0
614,0.0
615,0.0
616,0.0
617,18200.0
618,0.0
619,9400.0
620,11700.0
621,17900.0
622,50200.0
623,22700.0
624,21000.0
625,52400.0
626,34400.0
627,0.0
628,22300.0
629,14800.0
630,22300.0
631,0.0
632,13400.0
633,13400.0
634,49800.0
635,12800.0
636,39900.0
637,0.0
638,0.0
639,17000.0
640,0.0
641,0.0
642,0.0
643,25900.0
644,15500.0
645,38300.0
646,0.0
647,73600.0
648,0.0
649,0.0
650,20000.0
651,20000.0
652,0.0
653,0.0
654,49300.0
655,0.0
656,24700.0
657,0.0
658,0.0
659,0.0
660,0.0
661,0.0
662,0.0
663,0.0
664,45000.0
665,51000.0
666,17000.0
667,16700.0
668,13100.0
669,13100.0
670,13100.0
671,34700.0
672,43100.0
673,33600.0
674,0.0
675,0.0
676,0.0
677,37000.0
678,0.0
679,20000.0
680,22000.0
681,20200.0
682,0.0
683,43000.0
684,0.0
685,0.0
686,13000.0
687,0.0
688,0.0
689,0.0
690,0.0
691,0.0
692,18200.0
693,18900.0
694,0.0
695,18400.0
696,0.0
697,0.0
698,0.0
699,0.0
700,16300.0
701,28300.0
702,26300.0
703,16600.0
704,17100.0
705,0.0
706,16600.0
707,0.0
708,0.0
709,32600.0
710,16000.0
711,18000.0
712,0.0
713,0.0
714,0.0
715,0.0
716,0.0
717,0.0
718,13500.0
719,13500.0
720,0.0
721,18700.0
722,0.0
723,18200.0
724,0.0
725,0.0
726,0.0
727,0.0
728,0.0
729,0.0
730,20000.0
731,0.0
732,20000.0
733,0.0
734,0.0
735,40100.0
736,0.0
737,0.0
738,0.0
739,0.0
740,0.0
741,0.0
742,0.0
743,0.0
744,0.0
745,46600.0
746,19400.0
747,0.0
748,0.0
749,24900.0
750,0.0
751,45000.0
752,26000.0
753,78900.0
754,0.0
755,0.0
756,0.0
757,18200.0
758,26100.0
759,27100.0
760,30100.0
761,12300.0
762,13800.0
763,29700.0
764,19400.0
765,26000.0
766,19400.0
767,54700.0
768,35300.0
769,19400.0
770,0.0
771,25200.0
772,11900.0
773,21300.0
774,0.0
775,0.0
776,21300.0
777,0.0
778,13500.0
779,0.0
780,0.0
781,0.0
782,15100.0
783,0.0
784,26300.0
785,31100.0
786,15400.0
787,23100.0
788,0.0
789,0.0
790,30800.0
791,15400.0
792,33200.0
793,19000.0
794,21400.0
795,0.0
796,20500.0
797,18800.0
798,0.0
799,23900.0
800,0.0
801,0.0
802,41300.0
803,59500.0
804,28300.0
805,0.0
806,15500.0
807,18200.0
808,0.0
809,0.0
810,0.0
811,0.0
812,25000.0
813,26300.0
814,21700.0
815,0.0
816,23100.0
817,22200.0
818,0.0
819,25000.0
820,29800.0
821,21600.0
822,25000.0
823,23500.0
824,26300.0
825,0.0
826,0.0
827,0.0
828,0.0
829,0.0
830,0.0
831,0.0
832,0.0
833,0.0
834,25200.0
835,0.0
836,24000.0
837,19800.0
838,12000.0
839,21700.0
840,0.0
841,19100.0
842,25200.0
843,0.0
844,16000.0
845,0.0
846,0.0
847,20000.0
848,0.0
849,30800.0
850,33100.0
851,0.0
852,0.0
853,36500.0
854,21500.0
855,19400.0
856,25000.0
857,0.0
858,11800.0
859,15400.0
860,0.0
861,10300.0
862,0.0
863,0.0
864,0.0
865,0.0
866,21000.0
867,34500.0
868,22200.0
869,14200.0
870,0.0
871,10400.0
872,15000.0
873,0.0
874,0.0
875,0.0
876,10400.0
877,0.0
878,10400.0
879,10400.0
880,0.0
881,14200.0
882,21600.0
883,0.0
884,0.0
885,10400.0
886,35300.0
887,88300.0
888,70900.0
889,83100.0
890,66100.0
891,78700.0
892,87500.0
893,17800.0
894,0.0
895,8800.0
896,17800.0
897,0.0
898,17800.0
899,17800.0
900,19800.0
901,8800.0
902,17800.0
903,26600.0
904,0.0
905,0.0
906,0.0
907,0.0
908,12500.0
909,37200.0
910,38300.0
911,39500.0
912,0.0
913,0.0
914,0.0
915,40300.0
916,27700.0
917,0.0
918,26100.0
919,22000.0
920,0.0
921,12200.0
922,24400.0
923,0.0
924,15400.0
925,15100.0
926,20200.0
927,22300.0
928,14500.0
929,10000.0
930,10400.0
931,0.0
932,6900.0
933,13400.0
934,18300.0
935,13900.0
936,28300.0
937,0.0
938,0.0
939,15400.0
940,58900.0
941,0.0
942,0.0
943,0.0
944,20200.0
945,29400.0
946,21300.0
947,15200.0
948,0.0
949,0.0
950,30700.0
951,49800.0
952,27300.0
953,46800.0
954,0.0
955,0.0
956,0.0
957,22200.0
958,20100.0
959,0.0
960,0.0
961,15300.0
962,28200.0
963,42000.0
964,21700.0
965,34800.0
966,16000.0
967,14300.0
968,22000.0
969,0.0
970,12200.0
971,13100.0
972,12200.0
973,0.0
974,19500.0
975,19200.0
976,7000.0
977,25500.0
978,18800.0
979,35100.0
980,21300.0
981,0.0
982,0.0
983,0.0
984,0.0
985,25000.0
986,19200.0
987,0.0
988,0.0
989,0.0
990,0.0
991,0.0
992,0.0
993,17300.0
994,12500.0
995,23900.0
996,35700.0
997,22700.0
998,41900.0
999,39800.0
1000,21800.0
1001,43800.0
1002,0.0
1003,15500.0
1004,32300.0
1005,39500.0
1006,0.0
1007,14900.0
1008,55800.0
1009,0.0
1010,0.0
1011,26400.0
1012,26400.0
1013,46700.0
1014,0.0
1015,0.0
1016,21500.0
1017,0.0
1018,16100.0
1019,25100.0
1020,25100.0
1021,25100.0
1022,28800.0
1023,0.0
1024,22700.0
1025,20400.0
1026,27800.0
1027,40400.0
1028,33200.0
1029,0.0
1030,32700.0
1031,0.0
1032,28300.0
1033,0.0
1034,0.0
1035,92800.0
1036,0.0
1037,0.0
1038,0.0
1039,18000.0
1040,28900.0
1041,0.0
1042,0.0
1043,0.0
1044,0.0
1045,0.0
1046,10700.0
1047,0.0
1048,0.0
1049,0.0
1050,0.0
1051,0.0
1052,0.0
1053,0.0
1054,0.0
1055,0.0
1056,0.0
1057,0.0
1058,0.0
1059,0.0
1060,0.0
1061,0.0
1062,0.0
1063,19400.0
1064,0.0
1065,15300.0
1066,18100.0
1067,14800.0
1068,0.0
1069,21500.0
1070,19200.0
1071,19200.0
1072,18200.0
1073,17100.0
1074,18100.0
1075,0.0
1076,32800.0
1077,32800.0
1078,24000.0
1079,18300.0
1080,0.0
1081,0.0
1082,0.0
1083,32800.0
1084,23200.0
1085,20300.0
1086,0.0
1087,18300.0
1088,27500.0
1089,26100.0
1090,0.0
1091,21300.0
1092,0.0
1093,0.0
1094,29400.0
1095,0.0
1096,0.0
1097,0.0
1098,0.0
1099,21700.0
1100,0.0
1101,0.0
1102,10000.0
1103,10000.0
1104,12000.0
1105,23800.0
1106,12000.0
1107,12000.0
1108,14100.0
1109,12000.0
1110,26500.0
1111,0.0
1112,0.0
1113,0.0
1114,15500.0
1115,41900.0
1116,43000.0
1117,0.0
1118,0.0
1119,28500.0
1120,28500.0
1121,12500.0
1122,20400.0
1123,29500.0
1124,21600.0
1125,22800.0
1126,0.0
1127,0.0
1128,0.0
1129,0.0
1130,21200.0
1131,34100.0
1132,22000.0
1133,25400.0
1134,22000.0
1135,23100.0
1136,0.0
1137,0.0
1138,0.0
1139,31900.0
1140,14800.0
1141,0.0
1142,28600.0
1143,0.0
1144,21400.0
1145,28600.0
1146,31800.0
1147,31800.0
1148,23900.0
1149,22800.0
1150,21000.0
1151,0.0
1152,31600.0
1153,21000.0
1154,21000.0
1155,21500.0
1156,20400.0
1157,15200.0
1158,0.0
1159,20200.0
1160,19000.0
1161,21500.0
1162,0.0
1163,37600.0
1164,20300.0
1165,19200.0
1166,0.0
1167,0.0
1168,0.0
1169,0.0
1170,17900.0
1171,0.0
1172,0.0
1173,54579.0
1174,0.0
1175,0.0
1176,31700.0
1177,20500.0
1178,0.0
1179,29500.0
1180,26800.0
1181,35500.0
1182,32500.0
1183,20200.0
1184,40800.0
1185,31100.0
1186,18600.0
1187,0.0
1188,0.0
1189,0.0
1190,11800.0
1191,31000.0
1192,29300.0
1193,25300.0
1194,32800.0
1195,0.0
1196,11900.0
1197,24000.0
1198,21000.0
1199,26400.0
1200,0.0
1201,15500.0
1202,37600.0
1203,0.0
1204,26100.0
1205,39300.0
1206,29000.0
1207,35300.0
1208,39800.0
1209,13000.0
1210,14200.0
1211,15400.0
1212,30400.0
1213,13000.0
1214,13000.0
1215,29600.0
1216,13000.0
1217,0.0
1218,13000.0
1219,0.0
1220,25100.0
1221,19200.0
1222,18000.0
1223,0.0
1224,27300.0
1225,29800.0
1226,18800.0
1227,27300.0
1228,19600.0
1229,0.0
1230,14700.0
1231,14700.0
1232,14400.0
1233,0.0
1234,28800.0
1235,19200.0
1236,27100.0
1237,0.0
1238,15400.0
1239,0.0
1240,22500.0
1241,25900.0
1242,0.0
1243,0.0
1244,32300.0
1245,20400.0
1246,0.0
1247,24000.0
1248,0.0
1249,22800.0
1250,31200.0
1251,20200.0
1252,19200.0
1253,35800.0
1254,14800.0
1255,26300.0
1256,29800.0
1257,37100.0
1258,26300.0
1259,0.0
1260,0.0
1261,0.0
1262,0.0
1263,18300.0
1264,17300.0
1265,23100.0
1266,11800.0
1267,39500.0
1268,24800.0
1269,11800.0
1270,11800.0
1271,11800.0
1272,23900.0
1273,26600.0
1274,28600.0
1275,24700.0
1276,25500.0
1277,30800.0
1278,29700.0
1279,21800.0
1280,21000.0
1281,0.0
1282,0.0
1283,20000.0
1284,20000.0
1285,0.0
1286,0.0
1287,35200.0
1288,42000.0
1289,0.0
1290,14700.0
1291,0.0
1292,0.0
1293,0.0
1294,20300.0
1295,24700.0
1296,0.0
1297,41600.0
1298,41600.0
1299,25000.0
1300,31700.0
1301,0.0
1302,17100.0
1303,16900.0
1304,14500.0
1305,9600.0
1306,14500.0
1307,0.0
1308,0.0
1309,30000.0
1310,0.0
1311,18300.0
1312,18800.0
1313,35300.0
1314,19400.0
1315,19400.0
1316,21600.0
1317,54100.0
1318,0.0
1319,17900.0
1320,0.0
1321,0.0
1322,62200.0
1323,29400.0
1324,0.0
1325,25400.0
1326,25400.0
1327,48000.0
1328,30900.0
1329,37300.0
1330,0.0
1331,0.0
1332,0.0
1333,19200.0
1334,0.0
1335,16300.0
1336,0.0
1337,55800.0
1338,20500.0
1339,25200.0
1340,31700.0
1341,0.0
1342,23900.0
1343,25900.0
1344,32800.0
1345,22700.0
1346,56300.0
1347,25900.0
1348,20500.0
1349,14500.0
1350,20500.0
1351,20500.0
1352,25000.0
1353,33500.0
1354,33500.0
1355,22800.0
1356,0.0
1357,22800.0
1358,21500.0
1359,30600.0
1360,18700.0
1361,31800.0
1362,23800.0
1363,0.0
1364,0.0
1365,23400.0
1366,26400.0
1367,0.0
1368,21300.0
1369,0.0
1370,21600.0
1371,14500.0
1372,14500.0
1373,20000.0
1374,0.0
1375,17000.0
1376,30100.0
1377,31900.0
1378,31900.0
1379,0.0
1380,0.0
1381,22300.0
1382,0.0
1383,12300.0
1384,16400.0
1385,16400.0
1386,19200.0
1387,23800.0
1388,22200.0
1389,27100.0
1390,28300.0
1391,28800.0
1392,0.0
1393,0.0
1394,19200.0
1395,22500.0
1396,38400.0
1397,0.0
1398,13500.0
1399,25100.0
1400,0.0
1401,0.0
1402,24300.0
1403,16300.0
1404,20400.0
1405,0.0
1406,0.0
1407,16900.0
1408,0.0
1409,0.0
1410,0.0
1411,0.0
1412,19200.0
1413,0.0
1414,16600.0
1415,18100.0
1416,16500.0
1417,11900.0
1418,33100.0
1419,22500.0
1420,34800.0
1421,12300.0
1422,12300.0
1423,12200.0
1424,13900.0
1425,26800.0
1426,0.0
1427,0.0
1428,23700.0
1429,900.0
1430,0.0
1431,12000.0
1432,12600.0
1433,12700.0
1434,25200.0
1435,10200.0
1436,0.0
1437,23400.0
1438,12600.0
1439,12000.0
1440,15600.0
1441,12600.0
1442,12000.0
1443,21400.0
1444,15300.0
1445,20400.0
1446,15300.0
1447,14300.0
1448,29400.0
1449,0.0
1450,0.0
1451,0.0
1452,15100.0
1453,0.0
1454,16400.0
1455,23900.0
1456,31700.0
1457,0.0
1458,19800.0
1459,19200.0
1460,27100.0
1461,0.0
1462,0.0
1463,0.0
1464,29000.0
1465,18400.0
1466,18400.0
1467,0.0
1468,0.0
1469,0.0
1470,0.0
1471,0.0
1472,0.0
1473,41800.0
1474,11800.0
1475,33600.0
1476,0.0
1477,18400.0
1478,8200.0
1479,38200.0
1480,12500.0
1481,22200.0
1482,124100.0
1483,76200.0
1484,23100.0
1485,17800.0
1486,13000.0
1487,21400.0
1488,15400.0
1489,0.0
1490,15400.0
1491,15400.0
1492,17400.0
1493,0.0
1494,21300.0
1495,20000.0
1496,0.0
1497,25000.0
1498,10400.0
1499,16900.0
1500,0.0
1501,20400.0
1502,16900.0
1503,12200.0
1504,12200.0
1505,0.0
1506,19600.0
1507,18000.0
1508,0.0
1509,39300.0
1510,23700.0
1511,0.0
1512,10000.0
1513,34300.0
1514,40300.0
1515,0.0
1516,24700.0
1517,23100.0
1518,0.0
1519,45100.0
1520,0.0
1521,27400.0
1522,42000.0
1523,0.0
1524,0.0
1525,21600.0
1526,24000.0
1527,22700.0
1528,34600.0
1529,0.0
1530,30600.0
1531,32300.0
1532,29200.0
1533,19400.0
1534,42800.0
1535,0.0
1536,54100.0
1537,53800.0
1538,0.0
1539,0.0
1540,33500.0
1541,0.0
1542,28300.0
1543,23200.0
1544,14800.0
1545,19900.0
1546,15600.0
1547,24000.0
1548,24500.0
1549,22400.0
1550,0.0
1551,23900.0
1552,21600.0
1553,20500.0
1554,15400.0
1555,17100.0
1556,0.0
1557,0.0
1558,29500.0
1559,0.0
1560,23800.0
1561,12200.0
1562,12200.0
1563,12200.0
1564,17100.0
1565,15900.0
1566,22300.0
1567,0.0
1568,20400.0
1569,27300.0
1570,28400.0
1571,0.0
1572,36300.0
1573,26100.0
1574,0.0
1575,0.0
1576,0.0
1577,0.0
1578,22200.0
1579,43300.0
1580,27000.0
1581,21700.0
1582,0.0
1583,0.0
1584,19200.0
1585,19200.0
1586,19200.0
1587,19200.0
1588,0.0
1589,16000.0
1590,19200.0
1591,23300.0
1592,23800.0
1593,0.0
1594,14200.0
1595,0.0
1596,0.0
1597,0.0
1598,0.0
1599,28300.0
1600,16900.0
1601,28300.0
1602,0.0
1603,37100.0
1604,36000.0
1605,21100.0
1606,0.0
1607,16900.0
1608,15400.0
1609,20300.0
1610,28600.0
1611,32600.0
1612,0.0
1613,0.0
1614,23900.0
1615,20500.0
1616,28200.0
1617,0.0
1618,0.0
1619,0.0
1620,0.0
1621,0.0
1622,0.0
1623,0.0
1624,0.0
1625,25200.0
1626,17700.0
1627,17700.0
1628,17700.0
1629,15500.0
1630,17700.0
1631,14100.0
1632,0.0
1633,43000.0
1634,30200.0
1635,0.0
1636,0.0
1637,16000.0
1638,30200.0
1639,0.0
1640,0.0
1641,37300.0
1642,40800.0
1643,30000.0
1644,30000.0
1645,22700.0
1646,29000.0
1647,0.0
1648,0.0
1649,12500.0
1650,5200.0
1651,32300.0
1652,23300.0
1653,20400.0
1654,23300.0
1655,0.0
1656,26400.0
1657,0.0
1658,0.0
1659,27400.0
1660,0.0
1661,11900.0
1662,21600.0
1663,22500.0
1664,0.0
1665,0.0
1666,0.0
1667,0.0
1668,0.0
1669,27300.0
1670,17900.0
1671,0.0
1672,14300.0
1673,0.0
1674,25200.0
1675,0.0
1676,0.0
1677,0.0
1678,25500.0
1679,30900.0
1680,20500.0
1681,29700.0
1682,30700.0
1683,0.0
1684,45600.0
1685,0.0
1686,0.0
1687,0.0
1688,15200.0
1689,16300.0
1690,0.0
1691,35600.0
1692,40400.0
1693,15300.0
1694,14300.0
1695,14300.0
1696,19800.0
1697,25200.0
1698,14300.0
1699,0.0
1700,18100.0
1701,30800.0
1702,20400.0
1703,19200.0
1704,21600.0
1705,21600.0
1706,21600.0
1707,0.0
1708,27400.0
1709,17100.0
1710,19400.0
1711,0.0
1712,0.0
1713,0.0
1714,0.0
1715,20000.0
1716,0.0
1717,22000.0
1718,17000.0
1719,0.0
1720,20000.0
1721,19000.0
1722,0.0
1723,20400.0
1724,0.0
1725,0.0
1726,0.0
1727,0.0
1728,0.0
1729,0.0
1730,0.0
1731,27100.0
1732,0.0
1733,0.0
1734,12300.0
1735,15400.0
1736,109200.0
1737,10900.0
1738,0.0
1739,0.0
1740,0.0
1741,0.0
1742,0.0
1743,0.0
1744,0.0
1745,16800.0
1746,27100.0
1747,20200.0
1748,22700.0
1749,13100.0
1750,23900.0
1751,23900.0
1752,0.0
1753,25900.0
1754,14200.0
1755,31900.0
1756,37900.0
1757,14100.0
1758,20000.0
1759,35200.0
1760,43900.0
1761,0.0
1762,34400.0
1763,11800.0
1764,14200.0
1765,49000.0
1766,0.0
1767,28300.0
1768,28200.0
1769,0.0
1770,0.0
1771,19600.0
1772,0.0
1773,0.0
1774,66100.0
1775,30400.0
1776,34200.0
1777,34800.0
1778,27500.0
1779,0.0
1780,21400.0
1781,16400.0
1782,59400.0
1783,38700.0
1784,28400.0
1785,96600.0
1786,0.0
1787,38200.0
1788,23400.0
1789,12900.0
1790,32600.0
1791,32900.0
1792,12900.0
1793,29600.0
1794,18500.0
1795,0.0
1796,29400.0
1797,16100.0
1798,29600.0
1799,27300.0
1800,36000.0
1801,33600.0
1802,25200.0
1803,20400.0
1804,21500.0
1805,21500.0
1806,12000.0
1807,0.0
1808,22000.0
1809,28300.0
1810,25800.0
1811,14500.0
1812,19200.0
1813,0.0
1814,18900.0
1815,20100.0
1816,0.0
1817,0.0
1818,0.0
1819,0.0
1820,0.0
1821,14700.0
1822,11100.0
1823,0.0
1824,0.0
1825,0.0
1826,16800.0
1827,0.0
1828,25200.0
1829,0.0
1830,0.0
1831,0.0
1832,0.0
1833,0.0
1834,0.0
1835,22000.0
1836,20200.0
1837,34800.0
1838,20200.0
1839,21000.0
1840,0.0
1841,20200.0
1842,13200.0
1843,25100.0
1844,38400.0
1845,32500.0
1846,31200.0
1847,32800.0
1848,19100.0
1849,19800.0
1850,0.0
1851,13100.0
1852,13100.0
1853,13100.0
1854,19000.0
1855,13100.0
1856,13100.0
1857,13100.0
1858,13100.0
1859,13100.0
1860,19000.0
1861,22800.0
1862,23800.0
1863,13500.0
1864,0.0
1865,0.0
1866,92300.0
1867,0.0
1868,0.0
1869,0.0
1870,0.0
1871,49000.0
1872,58200.0
1873,0.0
1874,0.0
1875,0.0
1876,0.0
1877,21500.0
1878,0.0
1879,0.0
1880,0.0
1881,0.0
1882,0.0
1883,10000.0
1884,0.0
1885,29300.0
1886,21600.0
1887,15400.0
1888,13000.0
1889,0.0
1890,0.0
1891,28400.0
1892,24100.0
1893,24100.0
1894,0.0
1895,0.0
1896,10700.0
1897,10700.0
1898,13500.0
1899,0.0
1900,13500.0
1901,0.0
1902,0.0
1903,0.0
1904,16900.0
1905,0.0
1906,0.0
1907,0.0
1908,30500.0
1909,15400.0
1910,23700.0
1911,16300.0
1912,18100.0
1913,0.0
1914,31100.0
1915,24000.0
1916,0.0
1917,0.0
1918,0.0
1919,0.0
1920,18700.0
1921,18000.0
1922,17000.0
1923,0.0
1924,26300.0
1925,0.0
1926,19200.0
1927,15500.0
1928,21400.0
1929,18000.0
1930,0.0
1931,28600.0
1932,25100.0
1933,20400.0
1934,30800.0
1935,23300.0
1936,0.0
1937,0.0
1938,0.0
1939,19200.0
1940,33400.0
1941,22000.0
1942,0.0
1943,14300.0
1944,0.0
1945,14400.0
1946,0.0
1947,26300.0
1948,12200.0
1949,19600.0
1950,20200.0
1951,21100.0
1952,15500.0
1953,15500.0
1954,0.0
1955,19100.0
1956,18000.0
1957,25300.0
1958,19100.0
1959,33100.0
1960,0.0
1961,14900.0
1962,26100.0
1963,22000.0
1964,21300.0
1965,9400.0
1966,9400.0
1967,19600.0
1968,21400.0
1969,19600.0
1970,0.0
1971,0.0
1972,0.0
1973,0.0
1974,0.0
1975,27300.0
1976,14500.0
1977,21500.0
1978,19400.0
1979,19400.0
1980,20000.0
1981,32000.0
1982,28500.0
1983,13100.0
1984,14300.0
1985,14300.0
1986,14300.0
1987,39500.0
1988,0.0
1989,0.0
1990,0.0
1991,0.0
1992,17000.0
1993,0.0
1994,19000.0
1995,32300.0
1996,17000.0
1997,0.0
1998,22700.0
1999,0.0
2000,22800.0
2001,21600.0
2002,22700.0
2003,0.0
2004,0.0
2005,0.0
2006,0.0
2007,25000.0
2008,20000.0
2009,0.0
2010,0.0
2011,0.0
2012,25000.0
2013,0.0
2014,0.0
2015,0.0
2016,0.0
2017,0.0
2018,20000.0
2019,0.0
2020,25000.0
2021,0.0
2022,0.0
2023,0.0
2024,13100.0
2025,13100.0
2026,13100.0
2027,20300.0
2028,21300.0
2029,21300.0
2030,25400.0
2031,0.0
2032,0.0
2033,13100.0
2034,30000.0
2035,17300.0
2036,20200.0
2037,45400.0
2038,54300.0
2039,0.0
2040,32700.0
2041,0.0
2042,16900.0
2043,29300.0
2044,14500.0
2045,21400.0
2046,10700.0
2047,0.0
2048,13100.0
2049,17400.0
2050,33600.0
2051,0.0
2052,0.0
2053,17300.0
2054,24000.0
2055,24000.0
2056,48000.0
2057,30000.0
2058,38000.0
2059,0.0
2060,38400.0
2061,14200.0
2062,52000.0
2063,25000.0
2064,19200.0
2065,20400.0
2066,28800.0
2067,39400.0
2068,14400.0
2069,32800.0
2070,20200.0
2071,14400.0
2072,16100.0
2073,25000.0
2074,0.0
2075,0.0
2076,0.0
2077,0.0
2078,30600.0
2079,0.0
2080,0.0
2081,16600.0
2082,20400.0
2083,20400.0
2084,23700.0
2085,0.0
2086,0.0
2087,19600.0
2088,14800.0
2089,31200.0
2090,31700.0
2091,14300.0
2092,0.0
2093,0.0
2094,13100.0
2095,15500.0
2096,24100.0
2097,25000.0
2098,45000.0
2099,0.0
2100,0.0
2101,0.0
2102,39500.0
2103,25900.0
2104,21500.0
2105,0.0
2106,0.0
2107,0.0
2108,0.0
2109,29300.0
2110,29300.0
2111,29300.0
2112,29300.0
2113,29300.0
2114,0.0
2115,54200.0
2116,0.0
2117,22700.0
2118,0.0
2119,0.0
2120,17900.0
2121,30000.0
2122,0.0
2123,17800.0
2124,23100.0
2125,0.0
2126,16300.0
2127,22800.0
2128,48000.0
2129,16500.0
2130,19400.0
2131,0.0
2132,0.0
2133,0.0
2134,0.0
2135,2300.0
2136,45300.0
2137,2400.0
2138,0.0
2139,0.0
2140,0.0
2141,25100.0
2142,0.0
2143,40000.0
2144,11900.0
2145,11900.0
2146,11900.0
2147,17800.0
2148,17300.0
2149,20400.0
2150,13100.0
2151,12300.0
2152,0.0
2153,20400.0
2154,0.0
2155,0.0
2156,0.0
2157,29500.0
2158,22800.0
2159,22800.0
2160,19000.0
2161,34500.0
2162,20200.0
2163,14100.0
2164,15000.0
2165,13100.0
2166,13100.0
2167,0.0
2168,15900.0
2169,20000.0
2170,24400.0
2171,18600.0
2172,0.0
2173,33400.0
2174,39400.0
2175,0.0
2176,21000.0
2177,23500.0
2178,37000.0
2179,14100.0
2180,21100.0
2181,0.0
2182,14100.0
2183,22400.0
2184,0.0
2185,0.0
2186,0.0
2187,0.0
2188,18600.0
2189,0.0
2190,38500.0
2191,30000.0
2192,23800.0
2193,23900.0
2194,24800.0
2195,27500.0
2196,17800.0
2197,14500.0
2198,19200.0
2199,20100.0
2200,14500.0
2201,16400.0
2202,0.0
2203,20800.0
2204,17300.0
2205,0.0
2206,0.0
2207,54300.0
2208,27100.0
2209,20000.0
2210,0.0
2211,39400.0
2212,19200.0
2213,19200.0
2214,20200.0
2215,19200.0
2216,19200.0
2217,46200.0
2218,0.0
2219,19200.0
2220,0.0
2221,31800.0
2222,18500.0
2223,24500.0
2224,45500.0
2225,18800.0
2226,18000.0
2227,0.0
2228,0.0
2229,22000.0
2230,17300.0
2231,16900.0
2232,28300.0
2233,17300.0
2234,19600.0
2235,0.0
2236,0.0
2237,35300.0
2238,22500.0
2239,19100.0
2240,32600.0
2241,37200.0
2242,13000.0
2243,0.0
2244,0.0
2245,0.0
2246,0.0
2247,21100.0
2248,21800.0
2249,11900.0
2250,12300.0
2251,0.0
2252,11900.0
2253,16600.0
2254,19000.0
2255,16600.0
2256,0.0
2257,34500.0
2258,19600.0
2259,0.0
2260,15400.0
2261,17100.0
2262,19400.0
2263,15400.0
2264,22200.0
2265,39500.0
2266,0.0
2267,0.0
2268,23800.0
2269,26000.0
2270,0.0
2271,13700.0
2272,23400.0
2273,23400.0
2274,0.0
2275,13000.0
2276,13000.0
2277,0.0
2278,0.0
2279,27300.0
2280,20000.0
2281,0.0
2282,0.0
2283,0.0
2284,0.0
2285,0.0
2286,18000.0
2287,30900.0
2288,0.0
2289,22500.0
2290,95100.0
2291,0.0
2292,0.0
2293,0.0
2294,0.0
2295,0.0
2296,0.0
2297,0.0
2298,0.0
2299,0.0
2300,0.0
2301,0.0
2302,0.0
2303,0.0
2304,0.0
2305,0.0
2306,0.0
2307,0.0
2308,27300.0
2309,0.0
2310,0.0
2311,14400.0
2312,30700.0
2313,26800.0
2314,0.0
2315,14400.0
2316,0.0
2317,0.0
2318,12700.0
2319,21400.0
2320,16000.0
2321,21300.0
2322,21400.0
2323,0.0
2324,23600.0
2325,14500.0
2326,0.0
2327,15900.0
2328,0.0
2329,0.0
2330,0.0
2331,0.0
2332,0.0
2333,15400.0
2334,34100.0
2335,55000.0
2336,41200.0
2337,67200.0
2338,11800.0
2339,0.0
2340,0.0
2341,19200.0
2342,31300.0
2343,31600.0
2344,20200.0
2345,19200.0
2346,20200.0
2347,24400.0
2348,13100.0
2349,27500.0
2350,0.0
2351,10000.0
2352,10000.0
2353,20000.0
2354,21300.0
2355,0.0
2356,20000.0
2357,0.0
2358,0.0
2359,5000.0
2360,0.0
2361,0.0
2362,0.0
2363,17300.0
2364,21600.0
2365,0.0
2366,0.0
2367,0.0
2368,0.0
2369,0.0
2370,13200.0
2371,19200.0
2372,14300.0
2373,0.0
2374,0.0
2375,0.0
2376,0.0
2377,0.0
2378,0.0
2379,0.0
2380,0.0
2381,0.0
2382,10000.0
2383,23000.0
2384,0.0
2385,23000.0
2386,0.0
2387,0.0
2388,0.0
2389,0.0
2390,0.0
2391,0.0
2392,0.0
2393,0.0
2394,0.0
2395,0.0
2396,0.0
2397,0.0
2398,0.0
2399,0.0
2400,0.0
2401,0.0
2402,0.0
2403,0.0
2404,32800.0
2405,33400.0
2406,25000.0
2407,0.0
2408,32700.0
2409,0.0
2410,31100.0
2411,26200.0
2412,0.0
2413,7000.0
2414,0.0
2415,0.0
2416,0.0
2417,0.0
2418,24500.0
2419,71400.0
2420,0.0
2421,0.0
2422,0.0
2423,22700.0
2424,0.0
2425,12000.0
2426,0.0
2427,45800.0
2428,0.0
2429,0.0
2430,0.0
2431,25200.0
2432,20200.0
2433,33700.0
2434,33700.0
2435,25800.0
2436,40800.0
2437,0.0
2438,12500.0
2439,20400.0
2440,30000.0
2441,12900.0
2442,26100.0
2443,0.0
2444,33000.0
2445,26100.0
2446,63700.0
2447,0.0
2448,0.0
2449,0.0
2450,0.0
2451,0.0
2452,0.0
2453,18200.0
2454,18200.0
2455,0.0
2456,29400.0
2457,0.0
2458,26500.0
2459,18500.0
2460,21300.0
2461,13000.0
2462,24200.0
2463,18400.0
2464,17300.0
2465,28800.0
2466,23700.0
2467,38400.0
2468,0.0
2469,0.0
2470,22400.0
2471,0.0
2472,20400.0
2473,17300.0
2474,14300.0
2475,0.0
2476,14100.0
2477,0.0
2478,39500.0
2479,0.0
2480,0.0
2481,22400.0
2482,17900.0
2483,0.0
2484,28300.0
2485,25900.0
2486,0.0
2487,22500.0
2488,21500.0
2489,0.0
2490,22500.0
2491,23600.0
2492,0.0
2493,12600.0
2494,0.0
2495,23300.0
2496,28500.0
2497,26000.0
2498,0.0
2499,0.0
2500,17100.0
2501,21400.0
2502,27300.0
2503,27300.0
2504,28400.0
2505,26000.0
2506,23600.0
2507,26400.0
2508,30500.0
2509,32300.0
2510,0.0
2511,19200.0
2512,27100.0
2513,23500.0
2514,25800.0
2515,0.0
2516,0.0
2517,0.0
2518,18800.0
2519,16100.0
2520,20400.0
2521,22500.0
2522,0.0
2523,14100.0
2524,51800.0
2525,0.0
2526,16600.0
2527,18200.0
2528,37800.0
2529,21300.0
2530,20300.0
2531,30800.0
2532,13500.0
2533,11200.0
2534,0.0
2535,13400.0
2536,0.0
2537,14200.0
2538,21300.0
2539,13500.0
2540,20200.0
2541,24000.0
2542,0.0
2543,32900.0
2544,0.0
2545,23300.0
2546,6900.0
2547,31000.0
2548,28600.0
2549,27400.0
2550,33100.0
2551,54700.0
2552,0.0
2553,0.0
2554,18000.0
2555,31800.0
2556,23900.0
2557,16900.0
2558,26100.0
2559,21500.0
2560,22300.0
2561,37500.0
2562,21000.0
2563,19200.0
2564,19200.0
2565,19200.0
2566,19200.0
2567,19200.0
2568,19200.0
2569,19200.0
2570,32900.0
2571,0.0
2572,14200.0
2573,17600.0
2574,0.0
2575,0.0
2576,0.0
2577,0.0
2578,0.0
2579,20300.0
2580,19000.0
2581,17900.0
2582,0.0
2583,20400.0
2584,14500.0
2585,23800.0
2586,0.0
2587,33200.0
2588,18900.0
2589,0.0
2590,0.0
2591,0.0
2592,0.0
2593,21400.0
2594,38400.0
2595,18200.0
2596,10200.0
2597,31800.0
2598,18000.0
2599,18200.0
2600,0.0
2601,0.0
2602,31100.0
2603,21000.0
2604,27500.0
2605,41900.0
2606,33500.0
2607,0.0
2608,0.0
2609,23800.0
2610,0.0
2611,20200.0
2612,0.0
2613,19000.0
2614,36400.0
2615,0.0
2616,0.0
2617,18200.0
2618,25000.0
2619,20400.0
2620,18400.0
2621,18400.0
2622,18400.0
2623,18400.0
2624,21600.0
2625,18400.0
2626,22700.0
2627,22800.0
2628,11900.0
2629,0.0
2630,29800.0
2631,22800.0
2632,16700.0
2633,16700.0
2634,27300.0
2635,23700.0
2636,23700.0
2637,0.0
2638,0.0
2639,27100.0
2640,0.0
2641,0.0
2642,18800.0
2643,15900.0
2644,0.0
2645,27300.0
2646,27300.0
2647,14300.0
2648,31100.0
2649,32700.0
2650,0.0
2651,0.0
2652,67300.0
2653,18900.0
2654,24400.0
2655,55000.0
2656,0.0
2657,26600.0
2658,15600.0
2659,22800.0
2660,27300.0
2661,14200.0
2662,14200.0
2663,14200.0
2664,11100.0
2665,17800.0
2666,0.0
2667,27400.0
2668,28600.0
2669,20300.0
2670,20200.0
2671,26400.0
2672,24000.0
2673,23200.0
2674,0.0
2675,19200.0
2676,0.0
2677,26600.0
2678,11900.0
2679,35300.0
2680,0.0
2681,0.0
2682,19400.0
2683,14900.0
2684,51100.0
2685,23400.0
2686,35800.0
2687,35800.0
2688,29400.0
2689,0.0
2690,19200.0
2691,12700.0
2692,15900.0
2693,23600.0
2694,0.0
2695,0.0
2696,0.0
2697,0.0
2698,23500.0
2699,0.0
2700,22500.0
2701,20000.0
2702,20000.0
2703,17300.0
2704,36000.0
2705,16300.0
2706,22800.0
2707,25100.0
2708,15900.0
2709,20300.0
2710,0.0
2711,0.0
2712,0.0
2713,22500.0
2714,18900.0
2715,14400.0
2716,0.0
2717,33600.0
2718,0.0
2719,27700.0
2720,0.0
2721,14800.0
2722,0.0
2723,18000.0
2724,15300.0
2725,0.0
2726,14100.0
2727,0.0
2728,29300.0
2729,37900.0
2730,33600.0
2731,22800.0
2732,24000.0
2733,21400.0
2734,19200.0
2735,19800.0
2736,19200.0
2737,20800.0
2738,19100.0
2739,19200.0
2740,0.0
2741,14500.0
2742,14500.0
2743,33600.0
2744,33600.0
2745,26400.0
2746,0.0
2747,0.0
2748,0.0
2749,0.0
2750,0.0
2751,15400.0
2752,0.0
2753,0.0
2754,11800.0
2755,18000.0
2756,61100.0
2757,23400.0
2758,43100.0
2759,23700.0
2760,14400.0
2761,14400.0
2762,0.0
2763,14400.0
2764,14400.0
2765,14400.0
2766,0.0
2767,0.0
2768,0.0
2769,15600.0
2770,29800.0
2771,15000.0
2772,21300.0
2773,0.0
2774,28300.0
2775,24200.0
2776,11800.0
2777,11800.0
2778,11800.0
2779,13000.0
2780,16500.0
2781,0.0
2782,34500.0
2783,0.0
2784,35700.0
2785,0.0
2786,14700.0
2787,0.0
2788,20300.0
2789,19000.0
2790,21600.0
2791,21600.0
2792,0.0
2793,0.0
2794,0.0
2795,57000.0
2796,29500.0
2797,25900.0
2798,0.0
2799,12500.0
2800,17800.0
2801,15400.0
2802,20300.0
2803,19900.0
2804,19200.0
2805,0.0
2806,14900.0
2807,0.0
2808,0.0
2809,25900.0
2810,16300.0
2811,16300.0
2812,24300.0
2813,11900.0
2814,19200.0
2815,13500.0
2816,21300.0
2817,24500.0
2818,0.0
2819,58600.0
2820,41800.0
2821,22500.0
2822,27400.0
2823,35000.0
2824,0.0
2825,53100.0
2826,26000.0
2827,0.0
2828,21300.0
2829,0.0
2830,34800.0
2831,14300.0
2832,56300.0
2833,0.0
2834,30500.0
2835,0.0
2836,26600.0
2837,18000.0
2838,52500.0
2839,0.0
2840,0.0
2841,40800.0
2842,30900.0
2843,16900.0
2844,12300.0
2845,25900.0
2846,22300.0
2847,0.0
2848,16600.0
2849,0.0
2850,11800.0
2851,36500.0
2852,23500.0
2853,31800.0
2854,9000.0
2855,11900.0
2856,20400.0
2857,28400.0
2858,38800.0
2859,38800.0
2860,35300.0
2861,0.0
2862,0.0
2863,11100.0
2864,19200.0
2865,0.0
2866,0.0
2867,26200.0
2868,0.0
2869,33100.0
2870,18000.0
2871,0.0
2872,0.0
2873,32600.0
2874,11800.0
2875,36053.0
2876,0.0
2877,30900.0
2878,0.0
2879,29500.0
2880,0.0
2881,0.0
2882,32600.0
2883,30900.0
2884,0.0
2885,22800.0
2886,22400.0
2887,15300.0
2888,29300.0
2889,19200.0
2890,13100.0
2891,19200.0
2892,0.0
2893,28800.0
2894,23500.0
2895,11900.0
2896,15500.0
2897,12500.0
2898,27400.0
2899,0.0
2900,14400.0
2901,25000.0
2902,18600.0
2903,21600.0
2904,38700.0
2905,0.0
2906,29700.0
2907,0.0
2908,25200.0
2909,64700.0
2910,19200.0
2911,16900.0
2912,32800.0
2913,38500.0
2914,31700.0
2915,38400.0
2916,21600.0
2917,22800.0
2918,21600.0
2919,15500.0
2920,18200.0
2921,0.0
2922,19000.0
2923,0.0
2924,0.0
2925,0.0
2926,0.0
2927,15400.0
2928,11800.0
2929,26400.0
2930,24300.0
2931,0.0
2932,18000.0
2933,19000.0
2934,13500.0
2935,15600.0
2936,0.0
2937,0.0
2938,0.0
2939,0.0
2940,0.0
2941,22000.0
2942,23700.0
2943,0.0
2944,10000.0
2945,25000.0
2946,22000.0
2947,0.0
2948,20000.0
2949,25000.0
2950,25000.0
2951,0.0
2952,25000.0
2953,20000.0
2954,20000.0
2955,22000.0
2956,33100.0
2957,0.0
2958,15400.0
2959,12500.0
2960,12500.0
2961,26100.0
2962,29600.0
2963,12500.0
2964,25000.0
2965,25900.0
2966,0.0
2967,16600.0
2968,16600.0
2969,23200.0
2970,14100.0
2971,0.0
2972,36300.0
2973,11100.0
2974,0.0
2975,0.0
2976,0.0
2977,52900.0
2978,22500.0
2979,20500.0
2980,23700.0
2981,17600.0
2982,26600.0
2983,0.0
2984,0.0
2985,0.0
2986,16600.0
2987,0.0
2988,18000.0
2989,0.0
2990,13000.0
2991,16800.0
2992,13000.0
2993,16800.0
2994,13000.0
2995,0.0
2996,36700.0
2997,41600.0
2998,0.0
2999,0.0
3000,28400.0
3001,18000.0
3002,25200.0
3003,23600.0
3004,0.0
3005,21400.0
3006,0.0
3007,25400.0
3008,20400.0
3009,30700.0
3010,0.0
3011,35600.0
3012,30600.0
3013,34800.0
3014,21600.0
3015,0.0
3016,16800.0
3017,0.0
3018,23100.0
3019,0.0
3020,31100.0
3021,0.0
3022,23000.0
3023,0.0
3024,0.0
3025,0.0
3026,19900.0
3027,0.0
3028,0.0
3029,27300.0
3030,0.0
3031,0.0
3032,0.0
3033,0.0
3034,21200.0
3035,28400.0
3036,0.0
3037,0.0
3038,15400.0
3039,0.0
3040,33300.0
3041,31000.0
3042,34700.0
3043,19000.0
3044,27500.0
3045,21400.0
3046,23300.0
3047,26300.0
3048,30600.0
3049,17300.0
3050,10400.0
3051,11400.0
3052,13300.0
3053,0.0
3054,17300.0
3055,14400.0
3056,16800.0
3057,10400.0
3058,0.0
3059,15500.0
3060,17900.0
3061,16900.0
3062,0.0
3063,0.0
3064,0.0
3065,0.0
3066,0.0
3067,0.0
3068,0.0
3069,0.0
3070,21300.0
3071,30700.0
3072,22500.0
3073,0.0
3074,0.0
3075,0.0
3076,0.0
3077,38500.0
3078,24700.0
3079,13400.0
3080,9400.0
3081,8000.0
3082,8000.0
3083,17800.0
3084,13000.0
3085,0.0
3086,20200.0
3087,20200.0
3088,0.0
3089,0.0
3090,17100.0
3091,400.0
3092,20200.0
3093,17100.0
3094,33100.0
3095,0.0
3096,29500.0
3097,21600.0
3098,26100.0
3099,0.0
3100,0.0
3101,0.0
3102,10600.0
3103,15100.0
3104,33200.0
3105,15400.0
3106,0.0
3107,107640.0
3108,25900.0
3109,0.0
3110,0.0
3111,34200.0
3112,30800.0
3113,28400.0
3114,25700.0
3115,30800.0
3116,22000.0
3117,0.0
3118,25200.0
3119,21600.0
3120,0.0
3121,19200.0
3122,38300.0
3123,0.0
3124,19200.0
3125,0.0
3126,25100.0
3127,43000.0
3128,0.0
3129,0.0
3130,0.0
3131,23600.0
3132,24200.0
3133,13200.0
3134,16500.0
3135,16600.0
3136,16600.0
3137,16600.0
3138,12100.0
3139,16800.0
3140,16900.0
3141,23500.0
3142,14400.0
3143,19400.0
3144,21600.0
3145,12500.0
3146,23600.0
3147,16400.0
3148,0.0
3149,0.0
3150,22800.0
3151,22800.0
3152,19400.0
3153,11900.0
3154,11900.0
3155,0.0
3156,0.0
3157,0.0
3158,0.0
3159,24000.0
3160,0.0
3161,24400.0
3162,13500.0
3163,107100.0
3164,15900.0
3165,30000.0
3166,27300.0
3167,0.0
3168,0.0
3169,0.0
3170,26100.0
3171,0.0
3172,0.0
3173,19200.0
3174,0.0
3175,0.0
3176,0.0
3177,20300.0
3178,0.0
3179,11900.0
3180,21600.0
3181,28500.0
3182,25900.0
3183,25500.0
3184,12300.0
3185,0.0
3186,22500.0
3187,23700.0
3188,14100.0
3189,49500.0
3190,19800.0
3191,21000.0
3192,0.0
3193,30000.0
3194,25200.0
3195,39500.0
3196,0.0
3197,27000.0
3198,20000.0
3199,26100.0
3200,26100.0
3201,17100.0
3202,15300.0
3203,30400.0
3204,0.0
3205,0.0
3206,44900.0
3207,0.0
3208,35000.0
3209,0.0
3210,0.0
3211,14300.0
3212,21600.0
3213,21600.0
3214,21600.0
3215,11900.0
3216,23800.0
3217,20400.0
3218,16900.0
3219,22700.0
3220,19000.0
3221,17300.0
3222,28600.0
3223,33600.0
3224,17300.0
3225,0.0
3226,38900.0
3227,33000.0
3228,15500.0
3229,11900.0
3230,0.0
3231,34700.0
3232,0.0
3233,13000.0
3234,20000.0
3235,10000.0
3236,10000.0
3237,0.0
3238,0.0
3239,20400.0
3240,17400.0
3241,18300.0
3242,0.0
3243,16300.0
3244,16300.0
3245,15300.0
3246,15300.0
3247,0.0
3248,33300.0
3249,19000.0
3250,11100.0
3251,14100.0
3252,14100.0
3253,14100.0
3254,12000.0
3255,30700.0
3256,17800.0
3257,0.0
3258,30800.0
3259,25200.0
3260,30800.0
3261,26400.0
3262,22000.0
3263,33500.0
3264,20500.0
3265,0.0
3266,16300.0
3267,30000.0
3268,59500.0
3269,0.0
3270,18000.0
3271,0.0
3272,13500.0
3273,0.0
3274,25100.0
3275,50200.0
3276,16400.0
3277,19100.0
3278,9600.0
3279,28500.0
3280,38000.0
3281,25200.0
3282,21400.0
3283,25000.0
3284,19400.0
3285,17000.0
3286,17300.0
3287,0.0
3288,0.0
3289,0.0
3290,0.0
3291,0.0
3292,0.0
3293,0.0
3294,0.0
3295,28600.0
3296,24500.0
3297,0.0
3298,24000.0
3299,33500.0
3300,0.0
3301,12700.0
3302,11900.0
3303,25200.0
3304,40600.0
3305,11900.0
3306,11900.0
3307,45500.0
3308,19800.0
3309,20500.0
3310,0.0
3311,0.0
3312,0.0
3313,25200.0
3314,21500.0
3315,27800.0
3316,0.0
3317,0.0
3318,23900.0
3319,13500.0
3320,0.0
3321,22500.0
3322,0.0
3323,31200.0
3324,26200.0
3325,14400.0
3326,10600.0
3327,23700.0
3328,18200.0
3329,35500.0
3330,12000.0
3331,31300.0
3332,0.0
3333,31200.0
3334,0.0
3335,0.0
3336,0.0
3337,19200.0
3338,0.0
3339,14300.0
3340,21600.0
3341,25000.0
3342,43300.0
3343,21700.0
3344,24600.0
3345,26400.0
3346,20000.0
3347,18000.0
3348,0.0
3349,15500.0
3350,16400.0
3351,28800.0
3352,20400.0
3353,21600.0
3354,19200.0
3355,0.0
3356,15400.0
3357,34400.0
3358,23300.0
3359,16600.0
3360,16600.0
3361,0.0
3362,20000.0
3363,0.0
3364,14100.0
3365,0.0
3366,0.0
3367,24700.0
3368,20200.0
3369,0.0
3370,15500.0
3371,24500.0
3372,15300.0
3373,15300.0
3374,25200.0
3375,15300.0
3376,24300.0
3377,19200.0
3378,18600.0
3379,0.0
3380,23100.0
3381,23600.0
3382,0.0
3383,49500.0
3384,15500.0
3385,0.0
3386,0.0
3387,25100.0
3388,0.0
3389,0.0
3390,0.0
3391,0.0
3392,0.0
3393,0.0
3394,0.0
3395,0.0
3396,0.0
3397,0.0
3398,0.0
3399,0.0
3400,0.0
3401,36400.0
3402,36400.0
3403,0.0
3404,0.0
3405,0.0
3406,12100.0
3407,20900.0
3408,24000.0
3409,0.0
3410,22000.0
3411,18400.0
3412,20900.0
3413,0.0
3414,14300.0
3415,0.0
3416,12900.0
3417,20800.0
3418,14100.0
3419,0.0
3420,35300.0
3421,13100.0
3422,14700.0
3423,0.0
3424,0.0
3425,0.0
3426,0.0
3427,12100.0
3428,77829.0
3429,20200.0
3430,0.0
3431,0.0
3432,0.0
3433,12000.0
3434,0.0
3435,19200.0
3436,0.0
3437,12000.0
3438,0.0
3439,18800.0
3440,19400.0
3441,19400.0
3442,19400.0
3443,18400.0
3444,34100.0
3445,28500.0
3446,0.0
3447,17400.0
3448,17400.0
3449,24100.0
3450,29800.0
3451,12300.0
3452,25000.0
3453,16200.0
3454,21400.0
3455,12000.0
3456,49000.0
3457,0.0
3458,0.0
3459,24000.0
3460,44900.0
3461,29700.0
3462,19400.0
3463,27300.0
3464,0.0
3465,14300.0
3466,25100.0
3467,20300.0
3468,26300.0
3469,0.0
3470,36000.0
3471,0.0
3472,21400.0
3473,23400.0
3474,29600.0
3475,23400.0
3476,14900.0
3477,20400.0
3478,31900.0
3479,0.0
3480,45300.0
3481,26000.0
3482,35600.0
3483,0.0
3484,0.0
3485,28500.0
3486,66100.0
3487,42000.0
3488,87500.0
3489,31200.0
3490,31200.0
3491,0.0
3492,20200.0
3493,20200.0
3494,27700.0
3495,185300.0
3496,0.0
3497,0.0
3498,0.0
3499,0.0
3500,0.0
3501,0.0
3502,0.0
3503,0.0
3504,0.0
3505,0.0
3506,23900.0
3507,0.0
3508,37400.0
3509,15500.0
3510,0.0
3511,58600.0
3512,25200.0
3513,0.0
3514,0.0
3515,0.0
3516,0.0
3517,0.0
3518,0.0
3519,23500.0
3520,25000.0
3521,23000.0
3522,0.0
3523,24600.0
3524,37100.0
3525,18500.0
3526,0.0
3527,57900.0
3528,0.0
3529,14300.0
3530,0.0
3531,0.0
3532,20300.0
3533,0.0
3534,0.0
3535,23600.0
3536,0.0
3537,0.0
3538,0.0
3539,0.0
3540,0.0
3541,25000.0
3542,0.0
3543,0.0
3544,0.0
3545,21400.0
3546,37800.0
3547,31800.0
3548,0.0
3549,0.0
3550,0.0
3551,0.0
3552,0.0
3553,0.0
3554,0.0
3555,0.0
3556,0.0
3557,0.0
3558,0.0
3559,0.0
3560,9600.0
3561,23700.0
3562,20200.0
3563,0.0
3564,0.0
3565,0.0
3566,0.0
3567,0.0
3568,0.0
3569,0.0
3570,0.0
3571,0.0
3572,0.0
3573,16000.0
3574,16000.0
3575,16000.0
3576,16000.0
3577,20400.0
3578,113300.0
3579,0.0
3580,0.0
3581,0.0
3582,17800.0
3583,13500.0
3584,0.0
3585,17300.0
3586,13400.0
3587,25000.0
3588,33400.0
3589,19600.0
3590,0.0
3591,19200.0
3592,17800.0
3593,43800.0
3594,23500.0
3595,12900.0
3596,57271.0
3597,0.0
3598,22000.0
3599,32600.0
3600,0.0
3601,21300.0
3602,24600.0
3603,24600.0
3604,29600.0
3605,12200.0
3606,18000.0
3607,18000.0
3608,20400.0
3609,17800.0
3610,30400.0
3611,14900.0
3612,0.0
3613,0.0
3614,0.0
3615,0.0
3616,0.0
3617,23600.0
3618,0.0
3619,15500.0
3620,0.0
3621,16500.0
3622,31000.0
3623,25000.0
3624,25000.0
3625,12000.0
3626,23400.0
3627,20100.0
3628,14100.0
3629,18100.0
3630,16300.0
3631,21300.0
3632,0.0
3633,0.0
3634,0.0
3635,25000.0
3636,14200.0
3637,0.0
3638,10400.0
3639,32500.0
3640,0.0
3641,11900.0
3642,0.0
3643,0.0
3644,0.0
3645,14800.0
3646,31900.0
3647,31900.0
3648,29000.0
3649,29000.0
3650,18100.0
3651,18100.0
3652,23500.0
3653,16400.0
3654,18000.0
3655,20100.0
3656,44900.0
3657,0.0
3658,35100.0
3659,0.0
3660,0.0
3661,56500.0
3662,0.0
3663,38800.0
3664,0.0
3665,0.0
3666,0.0
3667,0.0
3668,0.0
3669,0.0
3670,0.0
3671,0.0
3672,0.0
3673,0.0
3674,19000.0
3675,17800.0
3676,18700.0
3677,0.0
3678,19400.0
3679,24400.0
3680,16600.0
3681,0.0
3682,21400.0
3683,0.0
3684,30500.0
3685,0.0
3686,32500.0
3687,0.0
3688,0.0
3689,28900.0
3690,26300.0
3691,80800.0
3692,23600.0
3693,39400.0
3694,9600.0
3695,26300.0
3696,25300.0
3697,25300.0
3698,23900.0
3699,19100.0
3700,43000.0
3701,19400.0
3702,16300.0
3703,38800.0
3704,19200.0
3705,19200.0
3706,26000.0
3707,0.0
3708,0.0
3709,20000.0
3710,23900.0
3711,0.0
3712,41600.0
3713,12900.0
3714,22500.0
3715,22500.0
3716,30900.0
3717,26000.0
3718,20000.0
3719,18200.0
3720,22700.0
3721,0.0
3722,25000.0
3723,22000.0
3724,0.0
3725,0.0
3726,0.0
3727,0.0
3728,18000.0
3729,26100.0
3730,22700.0
3731,20300.0
3732,0.0
3733,23300.0
3734,23300.0
3735,20000.0
3736,24000.0
3737,24000.0
3738,26600.0
3739,17100.0
3740,0.0
3741,14100.0
3742,0.0
3743,15100.0
3744,0.0
3745,25200.0
3746,25200.0
3747,25200.0
3748,25200.0
3749,24000.0
3750,24600.0
3751,0.0
3752,29400.0
3753,40600.0
3754,20900.0
3755,0.0
3756,28400.0
3757,20300.0
3758,0.0
3759,0.0
3760,0.0
3761,22000.0
3762,21400.0
3763,24400.0
3764,20200.0
3765,0.0
3766,32700.0
3767,15900.0
3768,0.0
3769,26800.0
3770,26800.0
3771,57800.0
3772,72500.0
3773,57000.0
3774,29300.0
3775,0.0
3776,0.0
3777,0.0
3778,0.0
3779,16600.0
3780,0.0
3781,0.0
3782,26100.0
3783,19000.0
3784,15600.0
3785,20000.0
3786,28300.0
3787,28300.0
3788,11900.0
3789,0.0
3790,16400.0
3791,13100.0
3792,0.0
3793,0.0
3794,23200.0
3795,22700.0
3796,16500.0
3797,18800.0
3798,137000.0
3799,52000.0
3800,13400.0
3801,16100.0
3802,0.0
3803,0.0
3804,28200.0
3805,14800.0
3806,33100.0
3807,19400.0
3808,14800.0
3809,0.0
3810,34500.0
3811,15600.0
3812,21400.0
3813,21300.0
3814,17100.0
3815,0.0
3816,20500.0
3817,14500.0
3818,20000.0
3819,11900.0
3820,30200.0
3821,0.0
3822,32000.0
3823,0.0
3824,29000.0
3825,0.0
3826,0.0
3827,30200.0
3828,0.0
3829,20000.0
3830,0.0
3831,28300.0
3832,14200.0
3833,27300.0
3834,14300.0
3835,17100.0
3836,19400.0
3837,20600.0
3838,22400.0
3839,13000.0
3840,0.0
3841,0.0
3842,14200.0
3843,0.0
3844,13700.0
3845,16100.0
3846,17400.0
3847,0.0
3848,0.0
3849,62600.0
3850,0.0
3851,33500.0
3852,28800.0
3853,14700.0
3854,27700.0
3855,0.0
3856,28500.0
3857,0.0
3858,0.0
3859,16000.0
3860,0.0
3861,0.0
3862,0.0
3863,16000.0
3864,0.0
3865,20600.0
3866,20500.0
3867,14700.0
3868,28600.0
3869,22700.0
3870,16600.0
3871,14300.0
3872,15500.0
3873,16600.0
3874,0.0
3875,16600.0
3876,11900.0
3877,0.0
3878,0.0
3879,0.0
3880,28200.0
3881,22000.0
3882,37000.0
3883,0.0
3884,22000.0
3885,20000.0
3886,21400.0
3887,0.0
3888,0.0
3889,25400.0
3890,14500.0
3891,0.0
3892,20400.0
3893,21500.0
3894,0.0
3895,76500.0
3896,0.0
3897,22300.0
3898,0.0
3899,25000.0
3900,0.0
3901,46200.0
3902,28300.0
3903,22800.0
3904,32900.0
3905,40400.0
3906,45000.0
3907,0.0
3908,0.0
3909,23600.0
3910,19600.0
3911,0.0
3912,0.0
3913,25900.0
3914,0.0
3915,29400.0
3916,0.0
3917,26300.0
3918,33100.0
3919,31600.0
3920,37000.0
3921,29600.0
3922,0.0
3923,0.0
3924,0.0
3925,0.0
3926,0.0
3927,0.0
3928,0.0
3929,0.0
3930,0.0
3931,30000.0
3932,60000.0
3933,30000.0
3934,0.0
3935,32700.0
3936,0.0
3937,0.0
3938,25000.0
3939,16500.0
3940,27300.0
3941,0.0
3942,0.0
3943,0.0
3944,43200.0
3945,31700.0
3946,0.0
3947,0.0
3948,0.0
3949,0.0
3950,0.0
3951,0.0
3952,0.0
3953,26100.0
3954,38300.0
3955,41300.0
3956,0.0
3957,35800.0
3958,0.0
3959,0.0
3960,0.0
3961,0.0
3962,15500.0
3963,26100.0
3964,27500.0
3965,39400.0
3966,31700.0
3967,0.0
3968,24200.0
3969,0.0
3970,33100.0
3971,20500.0
3972,0.0
3973,13400.0
3974,0.0
3975,14200.0
3976,21700.0
3977,14200.0
3978,27500.0
3979,22800.0
3980,15600.0
3981,20400.0
3982,11900.0
3983,11900.0
3984,11900.0
3985,0.0
3986,0.0
3987,25000.0
3988,0.0
3989,0.0
3990,30500.0
3991,14300.0
3992,14300.0
3993,0.0
3994,0.0
3995,30400.0
3996,0.0
3997,0.0
3998,0.0
3999,23400.0
4000,30000.0
4001,23500.0
4002,17300.0
4003,0.0
4004,0.0
4005,0.0
4006,22500.0
4007,20200.0
4008,20200.0
4009,29200.0
4010,15500.0
4011,40800.0
4012,28200.0
4013,0.0
4014,0.0
4015,14200.0
4016,12800.0
4017,0.0
4018,0.0
4019,0.0
4020,0.0
4021,0.0
4022,0.0
4023,369900.0
4024,0.0
4025,19200.0
4026,15500.0
4027,16300.0
4028,26100.0
4029,15200.0
4030,0.0
4031,0.0
4032,13500.0
4033,339900.0
4034,0.0
4035,26600.0
4036,16500.0
4037,12900.0
4038,0.0
4039,20400.0
4040,14300.0
4041,25900.0
4042,0.0
4043,0.0
4044,0.0
4045,22000.0
4046,31800.0
4047,0.0
4048,0.0
4049,40900.0
4050,56700.0
4051,0.0
4052,0.0
4053,0.0
4054,0.0
4055,70600.0
4056,0.0
4057,0.0
4058,13500.0
4059,0.0
4060,0.0
4061,19000.0
4062,28600.0
4063,29200.0
4064,0.0
4065,14100.0
4066,12000.0
4067,6500.0
4068,0.0
4069,13400.0
4070,9600.0
4071,11900.0
4072,31100.0
4073,11900.0
4074,0.0
4075,9600.0
4076,0.0
4077,0.0
4078,24200.0
4079,13200.0
4080,14300.0
4081,25900.0
4082,21300.0
4083,0.0
4084,13400.0
4085,0.0
4086,22400.0
4087,13700.0
4088,25800.0
4089,0.0
4090,16500.0
4091,11900.0
4092,0.0
4093,21000.0
4094,0.0
4095,0.0
4096,31900.0
4097,23200.0
4098,16900.0
4099,0.0
4100,29800.0
4101,25900.0
4102,13500.0
4103,0.0
4104,0.0
4105,22700.0
4106,25000.0
4107,0.0
4108,23700.0
4109,10000.0
4110,18100.0
4111,0.0
4112,21000.0
4113,83100.0
4114,0.0
4115,0.0
4116,0.0
4117,23900.0
4118,11900.0
4119,59900.0
4120,0.0
4121,0.0
4122,21100.0
4123,21300.0
4124,14300.0
4125,0.0
4126,16800.0
4127,16800.0
4128,16800.0
4129,16800.0
4130,12500.0
4131,30800.0
4132,16800.0
4133,16800.0
4134,16800.0
4135,16800.0
4136,16800.0
4137,37800.0
4138,22200.0
4139,24700.0
4140,16600.0
4141,23900.0
4142,21400.0
4143,0.0
4144,14500.0
4145,0.0
4146,0.0
4147,23900.0
4148,30400.0
4149,24500.0
4150,0.0
4151,0.0
4152,20300.0
4153,20300.0
4154,20300.0
4155,0.0
4156,22000.0
4157,25000.0
4158,0.0
4159,4800.0
4160,0.0
4161,17900.0
4162,19900.0
4163,34400.0
4164,57500.0
4165,0.0
4166,20500.0
4167,20500.0
4168,20500.0
4169,12200.0
4170,20500.0
4171,20500.0
4172,0.0
4173,25000.0
4174,15100.0
4175,20300.0
4176,16300.0
4177,13400.0
4178,10500.0
4179,57500.0
4180,0.0
4181,26400.0
4182,52400.0
4183,0.0
4184,39600.0
4185,12600.0
4186,23900.0
4187,19900.0
4188,23800.0
4189,15900.0
4190,15300.0
4191,0.0
4192,0.0
4193,35000.0
4194,0.0
4195,32500.0
4196,31900.0
4197,32600.0
4198,27300.0
4199,27500.0
4200,33600.0
4201,27500.0
4202,14500.0
4203,14500.0
4204,14500.0
4205,14500.0
4206,12100.0
4207,0.0
4208,22800.0
4209,29500.0
4210,59900.0
4211,55800.0
4212,119085.0
4213,52400.0
4214,0.0
4215,0.0
4216,20300.0
4217,20100.0
4218,29500.0
4219,0.0
4220,80800.0
4221,27400.0
4222,29700.0
4223,24800.0
4224,15500.0
4225,23300.0
4226,0.0
4227,15500.0
4228,26300.0
4229,21500.0
4230,24000.0
4231,0.0
4232,23100.0
4233,0.0
4234,0.0
4235,19200.0
4236,18300.0
4237,14400.0
4238,17900.0
4239,24000.0
4240,0.0
4241,18300.0
4242,24000.0
4243,35200.0
4244,26000.0
4245,0.0
4246,32900.0
4247,0.0
4248,0.0
4249,22500.0
4250,35000.0
4251,11800.0
4252,29500.0
4253,24200.0
4254,28200.0
4255,0.0
4256,19400.0
4257,88300.0
4258,0.0
4259,0.0
4260,0.0
4261,11900.0
4262,39900.0
4263,16600.0
4264,14200.0
4265,0.0
4266,19600.0
4267,17800.0
4268,0.0
4269,20000.0
4270,25000.0
4271,20000.0
4272,0.0
4273,0.0
4274,64700.0
4275,30100.0
4276,0.0
4277,21700.0
4278,23900.0
4279,0.0
4280,0.0
4281,0.0
4282,13200.0
4283,27100.0
4284,52500.0
4285,30000.0
4286,0.0
4287,828.0
4288,0.0
4289,0.0
4290,0.0
4291,0.0
4292,0.0
4293,0.0
4294,22800.0
4295,0.0
4296,0.0
4297,21400.0
4298,19200.0
4299,23900.0
4300,12200.0
4301,32300.0
4302,15500.0
4303,21500.0
4304,28400.0
4305,45000.0
4306,0.0
4307,0.0
4308,0.0
4309,67400.0
4310,0.0
4311,0.0
4312,0.0
4313,0.0
4314,0.0
4315,0.0
4316,0.0
4317,0.0
4318,0.0
4319,0.0
4320,100500.0
4321,0.0
4322,0.0
4323,26100.0
4324,0.0
4325,37200.0
4326,0.0
4327,0.0
4328,0.0
4329,20300.0
4330,20300.0
4331,0.0
4332,0.0
4333,23300.0
4334,44200.0
4335,0.0
4336,17300.0
4337,17100.0
4338,23200.0
4339,18800.0
4340,15900.0
4341,28400.0
4342,0.0
4343,31600.0
4344,0.0
4345,0.0
4346,0.0
4347,20200.0
4348,30500.0
4349,12000.0
4350,16900.0
4351,0.0
4352,19000.0
4353,0.0
4354,14700.0
4355,12000.0
4356,0.0
4357,25200.0
4358,0.0
4359,17900.0
4360,19800.0
4361,19200.0
4362,0.0
4363,17800.0
4364,30800.0
4365,16100.0
4366,16600.0
4367,42800.0
4368,18000.0
4369,0.0
4370,26000.0
4371,12900.0
4372,21000.0
4373,37000.0
4374,20300.0
4375,0.0
4376,24200.0
4377,135800.0
4378,13500.0
4379,13500.0
4380,13500.0
4381,0.0
4382,0.0
4383,0.0
4384,21000.0
4385,0.0
4386,25000.0
4387,28800.0
4388,39400.0
4389,0.0
4390,17100.0
4391,0.0
4392,19900.0
4393,18200.0
4394,20200.0
4395,23900.0
4396,12100.0
4397,16400.0
4398,34700.0
4399,31000.0
4400,23900.0
4401,32900.0
4402,0.0
4403,0.0
4404,0.0
4405,0.0
4406,18700.0
4407,18600.0
4408,25200.0
4409,38300.0
4410,22300.0
4411,0.0
4412,11900.0
4413,27300.0
4414,25700.0
4415,18900.0
4416,0.0
4417,12000.0
4418,12000.0
4419,12000.0
4420,35200.0
4421,0.0
4422,0.0
4423,0.0
4424,28300.0
4425,23700.0
4426,18000.0
4427,27100.0
4428,27700.0
4429,23600.0
4430,20200.0
4431,35500.0
4432,13500.0
4433,12300.0
4434,0.0
4435,0.0
4436,18000.0
4437,0.0
4438,25000.0
4439,20000.0
4440,22000.0
4441,12700.0
4442,0.0
4443,0.0
4444,0.0
4445,33100.0
4446,0.0
4447,18200.0
4448,18200.0
4449,25300.0
4450,25300.0
4451,25900.0
4452,17300.0
4453,0.0
4454,30000.0
4455,0.0
4456,0.0
4457,22200.0
4458,0.0
4459,0.0
4460,18200.0
4461,15400.0
4462,20300.0
4463,34800.0
4464,0.0
4465,24200.0
4466,29100.0
4467,0.0
4468,0.0
4469,0.0
4470,0.0
4471,21200.0
4472,23600.0
4473,25100.0
4474,0.0
4475,24300.0
4476,31200.0
4477,30900.0
4478,0.0
4479,14400.0
4480,15300.0
4481,0.0
4482,22000.0
4483,6600.0
4484,24200.0
4485,13400.0
4486,0.0
4487,0.0
4488,29000.0
4489,25200.0
4490,52900.0
4491,23300.0
4492,25600.0
4493,23900.0
4494,15300.0
4495,20100.0
4496,14500.0
4497,17100.0
4498,17100.0
4499,13300.0
4500,11100.0
4501,0.0
4502,15900.0
4503,22200.0
4504,0.0
4505,0.0
4506,78700.0
4507,22700.0
4508,0.0
4509,22700.0
4510,19200.0
4511,0.0
4512,0.0
4513,0.0
4514,18400.0
4515,0.0
4516,22200.0
4517,29600.0
4518,0.0
4519,0.0
4520,0.0
4521,24600.0
4522,22800.0
4523,35800.0
4524,22700.0
4525,0.0
4526,23600.0
4527,23300.0
4528,25200.0
4529,20300.0
4530,26100.0
4531,65800.0
4532,29000.0
4533,22400.0
4534,23800.0
4535,36000.0
4536,46000.0
4537,51300.0
4538,15400.0
4539,44700.0
4540,0.0
4541,0.0
4542,0.0
4543,0.0
4544,0.0
4545,0.0
4546,24200.0
4547,33200.0
4548,20500.0
4549,44400.0
4550,19100.0
4551,16900.0
4552,36000.0
4553,42100.0
4554,0.0
4555,36000.0
4556,44800.0
4557,18000.0
4558,23600.0
4559,0.0
4560,23800.0
4561,26100.0
4562,0.0
4563,17600.0
4564,16500.0
4565,0.0
4566,23600.0
4567,23400.0
4568,28600.0
4569,56300.0
4570,0.0
4571,0.0
4572,29500.0
4573,34400.0
4574,20500.0
4575,23500.0
4576,21500.0
4577,18100.0
4578,0.0
4579,24800.0
4580,23300.0
4581,37000.0
4582,40400.0
4583,16800.0
4584,20300.0
4585,25900.0
4586,40500.0
4587,47300.0
4588,0.0
4589,24500.0
4590,0.0
4591,0.0
4592,23200.0
4593,21700.0
4594,17400.0
4595,0.0
4596,14800.0
4597,14300.0
4598,20300.0
4599,42100.0
4600,0.0
4601,0.0
4602,25700.0
4603,24400.0
4604,0.0
4605,0.0
4606,20800.0
4607,0.0
4608,0.0
4609,0.0
4610,20800.0
4611,46200.0
4612,17300.0
4613,0.0
4614,0.0
4615,24300.0
4616,27100.0
4617,28300.0
4618,58200.0
4619,0.0
4620,0.0
4621,41900.0
4622,26400.0
4623,25000.0
4624,47300.0
4625,24400.0
4626,0.0
4627,41700.0
4628,36300.0
4629,34500.0
4630,39300.0
4631,45800.0
4632,18800.0
4633,21500.0
4634,21500.0
4635,23400.0
4636,27500.0
4637,24000.0
4638,18200.0
4639,0.0
4640,22700.0
4641,0.0
4642,24000.0
4643,0.0
4644,21600.0
4645,0.0
4646,0.0
4647,32000.0
4648,0.0
4649,0.0
4650,20300.0
4651,37800.0
4652,17100.0
4653,0.0
4654,28300.0
4655,0.0
4656,26000.0
4657,0.0
4658,20000.0
4659,20000.0
4660,22000.0
4661,0.0
4662,0.0
4663,0.0
4664,0.0
4665,0.0
4666,14500.0
4667,22700.0
4668,14200.0
4669,21800.0
4670,24700.0
4671,29500.0
4672,59900.0
4673,32600.0
4674,0.0
4675,43900.0
4676,41600.0
4677,19200.0
4678,10700.0
4679,0.0
4680,0.0
4681,0.0
4682,51600.0
4683,32800.0
4684,0.0
4685,13000.0
4686,15400.0
4687,33200.0
4688,13100.0
4689,0.0
4690,20000.0
4691,22800.0
4692,18200.0
4693,19200.0
4694,0.0
4695,19200.0
4696,23100.0
4697,0.0
4698,0.0
4699,0.0
4700,0.0
4701,22500.0
4702,23100.0
4703,11900.0
4704,43000.0
4705,0.0
4706,0.0
4707,18100.0
4708,0.0
4709,0.0
4710,0.0
4711,0.0
4712,0.0
4713,0.0
4714,83100.0
4715,116000.0
4716,0.0
4717,29600.0
4718,30000.0
4719,23400.0
4720,120000.0
4721,25300.0
4722,15400.0
4723,25700.0
4724,25400.0
4725,23600.0
4726,140944.0
4727,29700.0
4728,50600.0
4729,27400.0
4730,0.0
4731,10300.0
4732,10300.0
4733,19100.0
4734,40400.0
4735,27800.0
4736,23900.0
4737,11100.0
4738,0.0
4739,18100.0
4740,0.0
4741,20900.0
4742,0.0
4743,26300.0
4744,46800.0
4745,0.0
4746,21500.0
4747,10600.0
4748,32800.0
4749,22800.0
4750,22300.0
4751,0.0
4752,0.0
4753,22800.0
4754,23900.0
4755,19200.0
4756,21600.0
4757,0.0
4758,24500.0
4759,18200.0
4760,18200.0
4761,9500.0
4762,20900.0
4763,55800.0
4764,0.0
4765,0.0
4766,0.0
4767,25700.0
4768,22300.0
4769,19600.0
4770,27500.0
4771,26600.0
4772,0.0
4773,0.0
4774,0.0
4775,0.0
4776,21600.0
4777,0.0
4778,18000.0
4779,23200.0
4780,26400.0
4781,20400.0
4782,0.0
4783,18600.0
4784,0.0
4785,20400.0
4786,0.0
4787,23600.0
4788,23900.0
4789,40000.0
4790,44000.0
4791,0.0
4792,16000.0
4793,0.0
4794,33400.0
4795,0.0
4796,0.0
4797,25000.0
4798,0.0
4799,0.0
4800,20600.0
4801,33400.0
4802,0.0
4803,31200.0
4804,0.0
4805,55700.0
4806,16400.0
4807,22700.0
4808,21500.0
4809,19200.0
4810,20400.0
4811,24500.0
4812,20500.0
4813,26000.0
4814,12200.0
4815,0.0
4816,0.0
4817,0.0
4818,14400.0
4819,24100.0
4820,24100.0
4821,15400.0
4822,19100.0
4823,23900.0
4824,55800.0
4825,0.0
4826,16000.0
4827,0.0
4828,19800.0
4829,0.0
4830,0.0
4831,35200.0
4832,0.0
4833,0.0
4834,11900.0
4835,0.0
4836,0.0
4837,19400.0
4838,13400.0
4839,9600.0
4840,21400.0
4841,0.0
4842,24200.0
4843,0.0
4844,0.0
4845,31000.0
4846,57000.0
4847,0.0
4848,20000.0
4849,0.0
4850,27500.0
4851,34700.0
4852,16500.0
4853,24700.0
4854,22000.0
4855,17700.0
4856,31600.0
4857,13500.0
4858,28300.0
4859,23800.0
4860,23700.0
4861,20200.0
4862,41200.0
4863,23800.0
4864,24100.0
4865,29400.0
4866,25000.0
4867,19100.0
4868,0.0
4869,19100.0
4870,21100.0
4871,20300.0
4872,31400.0
4873,22200.0
4874,20400.0
4875,29500.0
4876,17000.0
4877,0.0
4878,10000.0
4879,23500.0
4880,15100.0
4881,28400.0
4882,135800.0
4883,0.0
4884,12200.0
4885,13500.0
4886,40500.0
4887,44200.0
4888,34700.0
4889,0.0
4890,0.0
4891,24000.0
4892,0.0
4893,31400.0
4894,16900.0
4895,20200.0
4896,0.0
4897,19000.0
4898,25000.0
4899,20000.0
4900,51000.0
4901,44900.0
4902,45400.0
4903,14500.0
4904,39900.0
4905,0.0
4906,58600.0
4907,0.0
4908,18200.0
4909,0.0
4910,124100.0
4911,45700.0
4912,15400.0
4913,0.0
4914,0.0
4915,39600.0
4916,32800.0
4917,19200.0
4918,0.0
4919,0.0
4920,0.0
4921,0.0
4922,0.0
4923,0.0
4924,0.0
4925,0.0
4926,20300.0
4927,24500.0
4928,37000.0
4929,28500.0
4930,0.0
4931,0.0
4932,0.0
4933,0.0
4934,0.0
4935,22700.0
4936,39800.0
4937,0.0
4938,0.0
4939,5500.0
4940,0.0
4941,18000.0
4942,21500.0
4943,46800.0
4944,0.0
4945,0.0
4946,21400.0
4947,0.0
4948,0.0
4949,21400.0
4950,37000.0
4951,26300.0
4952,0.0
4953,0.0
4954,0.0
4955,20400.0
4956,28400.0
4957,26600.0
4958,0.0
4959,0.0
4960,20000.0
4961,52500.0
4962,0.0
4963,0.0
4964,0.0
4965,0.0
4966,0.0
4967,0.0
4968,29400.0
4969,0.0
4970,0.0
4971,14700.0
4972,0.0
4973,27100.0
4974,27100.0
4975,4400.0
4976,29500.0
4977,23500.0
4978,0.0
4979,25000.0
4980,0.0
4981,0.0
4982,23800.0
4983,0.0
4984,30800.0
4985,35300.0
4986,21000.0
4987,19200.0
4988,19200.0
4989,19200.0
4990,18800.0
4991,20400.0
4992,0.0
4993,1500.0
4994,23600.0
4995,20500.0
4996,22500.0
4997,17400.0
4998,47000.0
4999,30800.0
5000,23700.0
5001,30400.0
5002,28800.0
5003,0.0
5004,43100.0
5005,28400.0
5006,0.0
5007,0.0
5008,26400.0
5009,0.0
5010,20500.0
5011,12000.0
5012,0.0
5013,10500.0
5014,10500.0
5015,20100.0
5016,26800.0
5017,17900.0
5018,49900.0
5019,19200.0
5020,0.0
5021,25000.0
5022,20100.0
5023,20300.0
5024,18200.0
5025,0.0
5026,31100.0
5027,9000.0
5028,22200.0
5029,38700.0
5030,9000.0
5031,27500.0
5032,33000.0
5033,0.0
5034,24400.0
5035,43000.0
5036,26600.0
5037,19800.0
5038,21200.0
5039,23500.0
5040,30500.0
5041,18000.0
5042,20000.0
5043,0.0
5044,21300.0
5045,22500.0
5046,17900.0
5047,14900.0
5048,18100.0
5049,0.0
5050,18100.0
5051,22700.0
5052,22300.0
5053,40600.0
5054,22300.0
5055,29400.0
5056,29400.0
5057,28300.0
5058,16900.0
5059,16000.0
5060,0.0
5061,0.0
5062,14500.0
5063,14300.0
5064,0.0
5065,26300.0
5066,19200.0
5067,0.0
5068,0.0
5069,23000.0
5070,0.0
5071,11900.0
5072,11900.0
5073,11900.0
5074,11900.0
5075,15400.0
5076,13400.0
5077,32500.0
5078,27800.0
5079,25000.0
5080,16000.0
5081,20300.0
5082,0.0
5083,20300.0
5084,23900.0
5085,22800.0
5086,0.0
5087,0.0
5088,0.0
5089,0.0
5090,0.0
5091,0.0
5092,29300.0
5093,0.0
5094,0.0
5095,27100.0
5096,11800.0
5097,53800.0
5098,25900.0
5099,0.0
5100,0.0
5101,0.0
5102,0.0
5103,0.0
5104,36400.0
5105,23900.0
5106,23400.0
5107,43800.0
5108,13200.0
5109,32700.0
5110,17800.0
5111,17800.0
5112,14200.0
5113,35500.0
5114,25000.0
5115,13000.0
5116,13000.0
5117,15300.0
5118,43300.0
5119,21400.0
5120,19000.0
5121,28600.0
5122,0.0
5123,24200.0
5124,0.0
5125,20200.0
5126,0.0
5127,1800.0
5128,36000.0
5129,0.0
5130,0.0
5131,37300.0
5132,17600.0
5133,0.0
5134,31800.0
5135,21500.0
5136,30000.0
5137,20400.0
5138,10500.0
5139,15400.0
5140,21600.0
5141,0.0
5142,17900.0
5143,18000.0
5144,18000.0
5145,27400.0
5146,828.0
5147,0.0
5148,0.0
5149,0.0
5150,0.0
5151,0.0
5152,0.0
5153,0.0
5154,0.0
5155,0.0
5156,0.0
5157,828.0
5158,0.0
5159,0.0
5160,21200.0
5161,19500.0
5162,33100.0
5163,21400.0
5164,21600.0
5165,0.0
5166,0.0
5167,0.0
5168,55800.0
5169,26800.0
5170,25300.0
5171,0.0
5172,28800.0
5173,12900.0
5174,22800.0
5175,22800.0
5176,16700.0
5177,0.0
5178,59800.0
5179,52900.0
5180,0.0
5181,21600.0
5182,0.0
5183,35500.0
5184,0.0
5185,0.0
5186,22000.0
5187,41000.0
5188,44000.0
5189,0.0
5190,43900.0
5191,39200.0
5192,18200.0
5193,34100.0
5194,19400.0
5195,0.0
5196,20500.0
5197,26400.0
5198,14500.0
5199,14200.0
5200,0.0
5201,23900.0
5202,20200.0
5203,30000.0
5204,22800.0
5205,0.0
5206,24200.0
5207,43500.0
5208,23600.0
5209,19200.0
5210,17400.0
5211,0.0
5212,37600.0
5213,29400.0
5214,44000.0
5215,57800.0
5216,32300.0
5217,19200.0
5218,29700.0
5219,22700.0
5220,25700.0
5221,22000.0
5222,36300.0
5223,0.0
5224,0.0
5225,24500.0
5226,21400.0
5227,0.0
5228,13200.0
5229,27500.0
5230,24700.0
5231,0.0
5232,16600.0
5233,18400.0
5234,28500.0
5235,28500.0
5236,17700.0
5237,15100.0
5238,0.0
5239,0.0
5240,19000.0
5241,23900.0
5242,20400.0
5243,26500.0
5244,22800.0
5245,13300.0
5246,23400.0
5247,22400.0
5248,46800.0
5249,103400.0
5250,0.0
5251,16300.0
5252,18800.0
5253,0.0
5254,15400.0
5255,47300.0
5256,0.0
5257,49800.0
5258,27800.0
5259,16000.0
5260,0.0
5261,31900.0
5262,22700.0
5263,0.0
5264,0.0
5265,21500.0
5266,32700.0
5267,9500.0
5268,0.0
5269,0.0
5270,23900.0
5271,41000.0
5272,20100.0
5273,16400.0
5274,18000.0
5275,0.0
5276,16600.0
5277,22400.0
5278,18900.0
5279,18900.0
5280,18900.0
5281,0.0
5282,17000.0
5283,27000.0
5284,17000.0
5285,21300.0
5286,0.0
5287,19000.0
5288,30000.0
5289,29000.0
5290,29300.0
5291,18900.0
5292,40100.0
5293,0.0
5294,28300.0
5295,31000.0
5296,0.0
5297,21400.0
5298,0.0
5299,0.0
5300,25600.0
5301,0.0
5302,7600.0
5303,17900.0
5304,19200.0
5305,0.0
5306,12900.0
5307,21400.0
5308,16700.0
5309,18000.0
5310,0.0
5311,11900.0
5312,15400.0
5313,11900.0
5314,40500.0
5315,27500.0
5316,0.0
5317,22800.0
5318,20800.0
5319,15300.0
5320,2400.0
5321,0.0
5322,0.0
5323,0.0
5324,0.0
5325,66100.0
5326,21400.0
5327,20200.0
5328,20200.0
5329,0.0
5330,0.0
5331,23900.0
5332,14800.0
5333,15600.0
5334,4400.0
5335,0.0
5336,0.0
5337,0.0
5338,0.0
5339,0.0
5340,23400.0
5341,0.0
5342,0.0
5343,26100.0
5344,0.0
5345,0.0
5346,10900.0
5347,19200.0
5348,15600.0
5349,15600.0
5350,15600.0
5351,27100.0
5352,23700.0
5353,34800.0
5354,17300.0
5355,26300.0
5356,27300.0
5357,24600.0
5358,40500.0
5359,31100.0
5360,52900.0
5361,23300.0
5362,17600.0
5363,32900.0
5364,0.0
5365,0.0
5366,0.0
5367,0.0
5368,29300.0
5369,19600.0
5370,20200.0
5371,0.0
5372,20300.0
5373,20300.0
5374,20300.0
5375,31700.0
5376,20300.0
5377,20300.0
5378,42400.0
5379,20900.0
5380,29100.0
5381,0.0
5382,22700.0
5383,20300.0
5384,18200.0
5385,0.0
5386,0.0
5387,20200.0
5388,22500.0
5389,0.0
5390,35700.0
5391,20200.0
5392,23800.0
5393,16500.0
5394,27400.0
5395,25600.0
5396,57000.0
5397,0.0
5398,0.0
5399,59800.0
5400,0.0
5401,0.0
5402,109200.0
5403,37500.0
5404,28600.0
5405,0.0
5406,18000.0
5407,19200.0
5408,19200.0
5409,18000.0
5410,19200.0
5411,5100.0
5412,0.0
5413,0.0
5414,23200.0
5415,27500.0
5416,25000.0
5417,26400.0
5418,35100.0
5419,23700.0
5420,0.0
5421,0.0
5422,23300.0
5423,23300.0
5424,0.0
5425,23300.0
5426,23300.0
5427,32000.0
5428,22300.0
5429,35100.0
5430,59900.0
5431,0.0
5432,0.0
5433,0.0
5434,0.0
5435,0.0
5436,0.0
5437,0.0
5438,0.0
5439,0.0
5440,19000.0
5441,18200.0
5442,18100.0
5443,14300.0
5444,16300.0
5445,39600.0
5446,0.0
5447,0.0
5448,0.0
5449,0.0
5450,26400.0
5451,16400.0
5452,22700.0
5453,13200.0
5454,39600.0
5455,56300.0
5456,29500.0
5457,0.0
5458,0.0
5459,0.0
5460,38700.0
5461,40600.0
5462,55800.0
5463,35800.0
5464,34800.0
5465,8000.0
5466,0.0
5467,31000.0
5468,26300.0
5469,0.0
5470,0.0
5471,0.0
5472,28900.0
5473,28800.0
5474,39200.0
5475,23900.0
5476,23600.0
5477,22400.0
5478,0.0
5479,15300.0
5480,14300.0
5481,31700.0
5482,0.0
5483,20400.0
5484,25200.0
5485,30500.0
5486,42800.0
5487,36000.0
5488,27100.0
5489,0.0
5490,23700.0
5491,23700.0
5492,14500.0
5493,8100.0
5494,14400.0
5495,11900.0
5496,0.0
5497,11900.0
5498,0.0
5499,24100.0
5500,43900.0
5501,0.0
5502,0.0
5503,19100.0
5504,0.0
5505,0.0
5506,0.0
5507,19200.0
5508,32800.0
5509,41600.0
5510,18500.0
5511,18500.0
5512,34500.0
5513,0.0
5514,30900.0
5515,45100.0
5516,11900.0
5517,17300.0
5518,0.0
5519,17300.0
5520,11900.0
5521,28600.0
5522,22000.0
5523,29500.0
5524,0.0
5525,0.0
5526,24300.0
5527,0.0
5528,0.0
5529,11900.0
5530,0.0
5531,25400.0
5532,23400.0
5533,0.0
5534,0.0
5535,40600.0
5536,0.0
5537,25600.0
5538,26600.0
5539,25600.0
5540,25600.0
5541,0.0
5542,0.0
5543,24800.0
5544,29100.0
5545,23100.0
5546,18800.0
5547,29800.0
5548,36000.0
5549,12000.0
5550,26500.0
5551,0.0
5552,34200.0
5553,38900.0
5554,0.0
5555,0.0
5556,22000.0
5557,0.0
5558,0.0
5559,39500.0
5560,22800.0
5561,17100.0
5562,26500.0
5563,20000.0
5564,15400.0
5565,15400.0
5566,15400.0
5567,15400.0
5568,15400.0
5569,15400.0
5570,15400.0
5571,15400.0
5572,13000.0
5573,15400.0
5574,15300.0
5575,0.0
5576,15300.0
5577,0.0
5578,20200.0
5579,35100.0
5580,49000.0
5581,45100.0
5582,28600.0
5583,28600.0
5584,0.0
5585,25900.0
5586,33300.0
5587,20200.0
5588,38000.0
5589,31200.0
5590,23800.0
5591,0.0
5592,25900.0
5593,0.0
5594,0.0
5595,22700.0
5596,15400.0
5597,27400.0
5598,17800.0
5599,24600.0
5600,14100.0
5601,0.0
5602,46600.0
5603,29500.0
5604,0.0
5605,23400.0
5606,20100.0
5607,0.0
5608,25200.0
5609,36300.0
5610,25200.0
5611,24500.0
5612,15500.0
5613,0.0
5614,0.0
5615,0.0
5616,0.0
5617,20400.0
5618,16700.0
5619,19600.0
5620,0.0
5621,55100.0
5622,64200.0
5623,22400.0
5624,0.0
5625,18200.0
5626,29500.0
5627,0.0
5628,0.0
5629,25600.0
5630,17100.0
5631,31000.0
5632,31000.0
5633,0.0
5634,37100.0
5635,0.0
5636,0.0
5637,0.0
5638,0.0
5639,19000.0
5640,19000.0
5641,14200.0
5642,26300.0
5643,0.0
5644,11900.0
5645,28400.0
5646,25100.0
5647,26100.0
5648,14800.0
5649,0.0
5650,25400.0
5651,0.0
5652,50200.0
5653,28500.0
5654,28500.0
5655,32200.0
5656,23100.0
5657,16900.0
5658,22000.0
5659,0.0
5660,14800.0
5661,16900.0
5662,22300.0
5663,31300.0
5664,46200.0
5665,31400.0
5666,18000.0
5667,11400.0
5668,0.0
5669,14300.0
5670,20400.0
5671,23800.0
5672,20400.0
5673,39800.0
5674,16000.0
5675,0.0
5676,16000.0
5677,0.0
5678,21500.0
5679,0.0
5680,45000.0
5681,24700.0
5682,0.0
5683,0.0
5684,0.0
5685,15200.0
5686,24200.0
5687,13500.0
5688,0.0
5689,33100.0
5690,0.0
5691,41800.0
5692,0.0
5693,14500.0
5694,0.0
5695,0.0
5696,21400.0
5697,21400.0
5698,21400.0
5699,27300.0
5700,0.0
5701,0.0
5702,0.0
5703,14300.0
5704,20300.0
5705,30800.0
5706,12500.0
5707,21600.0
5708,45500.0
5709,22200.0
5710,10900.0
5711,21400.0
5712,0.0
5713,13200.0
5714,13200.0
5715,0.0
5716,37200.0
5717,20000.0
5718,12200.0
5719,30800.0
5720,31200.0
5721,12000.0
5722,20400.0
5723,15600.0
5724,0.0
5725,0.0
5726,0.0
5727,0.0
5728,0.0
5729,0.0
5730,0.0
5731,28300.0
5732,0.0
5733,0.0
5734,27400.0
5735,0.0
5736,0.0
5737,22700.0
5738,14700.0
5739,19200.0
5740,17300.0
5741,21500.0
5742,19400.0
5743,0.0
5744,0.0
5745,21500.0
5746,0.0
5747,0.0
5748,25000.0
5749,16500.0
5750,27400.0
5751,0.0
5752,0.0
5753,16500.0
5754,0.0
5755,0.0
5756,0.0
5757,16000.0
5758,16000.0
5759,20000.0
5760,14200.0
5761,18000.0
5762,0.0
5763,11800.0
5764,14100.0
5765,0.0
5766,17300.0
5767,15300.0
5768,0.0
5769,19500.0
5770,23700.0
5771,0.0
5772,10900.0
5773,18200.0
5774,56800.0
5775,0.0
5776,12100.0
5777,94200.0
5778,20300.0
5779,20300.0
5780,53800.0
5781,59900.0
5782,38700.0
5783,23900.0
5784,18800.0
5785,22800.0
5786,19200.0
5787,29300.0
5788,19100.0
5789,0.0
5790,20400.0
5791,64700.0
5792,25000.0
5793,0.0
5794,0.0
5795,0.0
5796,14400.0
5797,19600.0
5798,22700.0
5799,26100.0
5800,22000.0
5801,14500.0
5802,41900.0
5803,11800.0
5804,57000.0
5805,18000.0
5806,0.0
5807,20300.0
5808,7300.0
5809,0.0
5810,20300.0
5811,25800.0
5812,30600.0
5813,0.0
5814,0.0
5815,0.0
5816,0.0
5817,12200.0
5818,13900.0
5819,28400.0
5820,33000.0
5821,25000.0
5822,15400.0
5823,15400.0
5824,20400.0
5825,0.0
5826,38400.0
5827,40000.0
5828,28800.0
5829,36400.0
5830,11800.0
5831,11800.0
5832,13000.0
5833,25800.0
5834,0.0
5835,12200.0
5836,14300.0
5837,29700.0
5838,24500.0
5839,0.0
5840,19200.0
5841,18300.0
5842,18300.0
5843,19200.0
5844,39900.0
5845,15400.0
5846,25000.0
5847,38300.0
5848,0.0
5849,28400.0
5850,40500.0
5851,42800.0
5852,0.0
5853,26100.0
5854,0.0
5855,14500.0
5856,0.0
5857,22700.0
5858,21000.0
5859,0.0
5860,19200.0
5861,32700.0
5862,24700.0
5863,6400.0
5864,0.0
5865,21400.0
5866,0.0
5867,22000.0
5868,20300.0
5869,27100.0
5870,39400.0
5871,0.0
5872,25200.0
5873,50000.0
5874,0.0
5875,13500.0
5876,18600.0
5877,0.0
5878,34800.0
5879,0.0
5880,0.0
5881,0.0
5882,25000.0
5883,17600.0
5884,27300.0
5885,0.0
5886,26000.0
5887,32000.0
5888,20000.0
5889,23900.0
5890,0.0
5891,0.0
5892,20000.0
5893,15400.0
5894,0.0
5895,25000.0
5896,27300.0
5897,0.0
5898,19000.0
5899,24000.0
5900,27300.0
5901,23900.0
5902,17600.0
5903,39300.0
5904,29500.0
5905,26400.0
5906,10000.0
5907,16600.0
5908,0.0
5909,0.0
5910,0.0
5911,0.0
5912,38400.0
5913,0.0
5914,41300.0
5915,33600.0
5916,17100.0
5917,22000.0
5918,22000.0
5919,52400.0
5920,103400.0
5921,22700.0
5922,40600.0
5923,19200.0
5924,10500.0
5925,0.0
5926,16400.0
5927,16500.0
5928,0.0
5929,0.0
5930,20200.0
5931,0.0
5932,14800.0
5933,20500.0
5934,25800.0
5935,39200.0
5936,0.0
5937,11900.0
5938,0.0
5939,0.0
5940,37900.0
5941,13700.0
5942,29300.0
5943,11900.0
5944,21700.0
5945,24700.0
5946,11900.0
5947,28400.0
5948,31700.0
5949,24000.0
5950,19200.0
5951,19200.0
5952,19000.0
5953,15500.0
5954,21400.0
5955,0.0
5956,31000.0
5957,35700.0
5958,16600.0
5959,16600.0
5960,0.0
5961,26300.0
5962,23300.0
5963,44600.0
5964,27300.0
5965,0.0
5966,24300.0
5967,19900.0
5968,33000.0
5969,11700.0
5970,23600.0
5971,0.0
5972,19400.0
5973,18000.0
5974,37900.0
5975,0.0
5976,0.0
5977,14000.0
5978,24000.0
5979,46000.0
5980,51500.0
5981,0.0
5982,0.0
5983,0.0
5984,25200.0
5985,19400.0
5986,30800.0
5987,22500.0
5988,41200.0
5989,0.0
5990,0.0
5991,0.0
5992,0.0
5993,0.0
5994,49500.0
5995,35600.0
5996,0.0
5997,26800.0
5998,0.0
5999,45000.0
6000,51000.0
6001,0.0
6002,77829.0
6003,16500.0
6004,0.0
6005,23400.0
6006,12600.0
6007,38600.0
6008,44600.0
6009,28400.0
6010,23500.0
6011,37600.0
6012,17300.0
6013,0.0
6014,0.0
6015,0.0
6016,0.0
6017,69800.0
6018,13100.0
6019,21600.0
6020,17800.0
6021,0.0
6022,0.0
6023,31100.0
6024,36000.0
6025,17100.0
6026,32700.0
6027,28300.0
6028,109200.0
6029,0.0
6030,0.0
6031,0.0
6032,20300.0
6033,36000.0
6034,13500.0
6035,0.0
6036,0.0
6037,49000.0
6038,0.0
6039,0.0
6040,0.0
6041,12500.0
6042,15400.0
6043,15400.0
6044,23500.0
6045,37100.0
6046,16100.0
6047,16100.0
6048,0.0
6049,25800.0
6050,21500.0
6051,0.0
6052,0.0
6053,23500.0
6054,58200.0
6055,30800.0
6056,17000.0
6057,25000.0
6058,20000.0
6059,32700.0
6060,0.0
6061,0.0
6062,0.0
6063,0.0
6064,14200.0
6065,24000.0
6066,0.0
6067,56300.0
6068,0.0
6069,18000.0
6070,15300.0
6071,31100.0
6072,0.0
6073,22800.0
6074,22400.0
6075,19400.0
6076,18200.0
6077,16400.0
6078,22800.0
6079,18100.0
6080,19400.0
6081,14500.0
6082,0.0
6083,16400.0
6084,18200.0
6085,15500.0
6086,28800.0
6087,0.0
6088,17400.0
6089,30800.0
6090,17400.0
6091,47341.0
6092,30400.0
6093,28800.0
6094,0.0
6095,34100.0
6096,0.0
6097,15300.0
6098,0.0
6099,34800.0
6100,36000.0
6101,67200.0
6102,21300.0
6103,0.0
6104,19100.0
6105,31900.0
6106,14200.0
6107,52000.0
6108,30800.0
6109,21400.0
6110,26100.0
6111,0.0
6112,0.0
6113,21400.0
6114,13000.0
6115,0.0
6116,19200.0
6117,25900.0
6118,36000.0
6119,22300.0
6120,29400.0
6121,17600.0
6122,18100.0
6123,13000.0
6124,19600.0
6125,0.0
6126,20800.0
6127,21400.0
6128,23900.0
6129,0.0
6130,222500.0
6131,37936.0
6132,21400.0
6133,0.0
6134,0.0
6135,0.0
6136,20400.0
6137,0.0
6138,23600.0
6139,0.0
6140,46600.0
6141,14800.0
6142,45800.0
6143,0.0
6144,14400.0
6145,14400.0
6146,14400.0
6147,19100.0
6148,18100.0
6149,18200.0
6150,31600.0
6151,40400.0
6152,31600.0
6153,25000.0
6154,15400.0
6155,0.0
6156,0.0
6157,0.0
6158,0.0
6159,0.0
6160,27000.0
6161,21400.0
6162,0.0
6163,0.0
6164,41900.0
6165,0.0
6166,0.0
6167,33500.0
6168,83100.0
6169,28400.0
6170,24000.0
6171,16600.0
6172,21300.0
6173,0.0
6174,22500.0
6175,15400.0
6176,22500.0
6177,22500.0
6178,2200.0
6179,0.0
6180,16000.0
6181,27400.0
6182,0.0
6183,27500.0
6184,0.0
6185,49300.0
6186,3200.0
6187,20200.0
6188,14300.0
6189,46000.0
6190,15300.0
6191,19600.0
6192,14900.0
6193,20500.0
6194,20500.0
6195,20000.0
6196,25000.0
6197,0.0
6198,20000.0
6199,0.0
6200,0.0
6201,36000.0
6202,22700.0
6203,0.0
6204,0.0
6205,21600.0
6206,8900.0
6207,0.0
6208,26500.0
6209,19400.0
6210,23800.0
6211,78700.0
6212,0.0
6213,0.0
6214,33100.0
6215,33600.0
6216,0.0
6217,20800.0
6218,31200.0
6219,0.0
6220,14500.0
6221,14500.0
6222,46200.0
6223,30900.0
6224,26300.0
6225,0.0
6226,0.0
6227,0.0
6228,26400.0
6229,0.0
6230,37600.0
6231,12500.0
6232,15600.0
6233,10600.0
6234,0.0
6235,25200.0
6236,30000.0
6237,27300.0
6238,0.0
6239,24400.0
6240,27500.0
6241,15500.0
6242,23900.0
6243,27500.0
6244,27500.0
6245,15400.0
6246,28600.0
6247,61400.0
6248,0.0
6249,18300.0
6250,20600.0
6251,16400.0
6252,21500.0
6253,27500.0
6254,18400.0
6255,0.0
6256,28300.0
6257,30800.0
6258,29600.0
6259,16700.0
6260,28800.0
6261,17800.0
6262,17400.0
6263,21500.0
6264,0.0
6265,12000.0
6266,12500.0
6267,16500.0
6268,27300.0
6269,12900.0
6270,22800.0
6271,30800.0
6272,19800.0
6273,32900.0
6274,22500.0
6275,11900.0
6276,0.0
6277,35200.0
6278,0.0
6279,0.0
6280,0.0
6281,32300.0
6282,23600.0
6283,19100.0
6284,20200.0
6285,0.0
6286,0.0
6287,18500.0
6288,15200.0
6289,23200.0
6290,0.0
6291,0.0
6292,23200.0
6293,24700.0
6294,0.0
6295,0.0
6296,0.0
6297,0.0
6298,0.0
6299,0.0
6300,0.0
6301,18200.0
6302,15900.0
6303,44500.0
6304,0.0
6305,25200.0
6306,44800.0
6307,19200.0
6308,22200.0
6309,0.0
6310,20500.0
6311,12500.0
6312,16400.0
6313,25000.0
6314,30900.0
6315,37500.0
6316,21400.0
6317,8900.0
6318,0.0
6319,16600.0
6320,0.0
6321,33700.0
6322,19500.0
6323,6600.0
6324,24500.0
6325,13100.0
6326,0.0
6327,13500.0
6328,0.0
6329,0.0
6330,4400.0
6331,31400.0
6332,20200.0
6333,0.0
6334,28500.0
6335,14800.0
6336,34800.0
6337,0.0
6338,47700.0
6339,36000.0
6340,20100.0
6341,0.0
6342,31000.0
6343,16400.0
6344,16400.0
6345,3400.0
6346,34700.0
6347,20300.0
6348,24200.0
6349,16700.0
6350,19000.0
6351,70700.0
6352,0.0
6353,27500.0
6354,26800.0
6355,21400.0
6356,36300.0
6357,51000.0
6358,35700.0
6359,24400.0
6360,0.0
6361,0.0
6362,20400.0
6363,15500.0
6364,0.0
6365,14300.0
6366,25200.0
6367,13100.0
6368,23500.0
6369,29500.0
6370,0.0
6371,30800.0
6372,25900.0
6373,0.0
6374,0.0
6375,28300.0
6376,0.0
6377,26000.0
6378,24800.0
6379,9600.0
6380,14100.0
6381,18400.0
6382,0.0
6383,0.0
6384,30800.0
6385,0.0
6386,16100.0
6387,21400.0
6388,18800.0
6389,23300.0
6390,27400.0
6391,27400.0
6392,13900.0
6393,31000.0
6394,30900.0
6395,0.0
6396,0.0
6397,25900.0
6398,48000.0
6399,23900.0
6400,0.0
6401,0.0
6402,25100.0
6403,34400.0
6404,21500.0
6405,33500.0
6406,31600.0
6407,24000.0
6408,18000.0
6409,17300.0
6410,15300.0
6411,15500.0
6412,17300.0
6413,13200.0
6414,16500.0
6415,43000.0
6416,0.0
6417,13500.0
6418,0.0
6419,15600.0
6420,0.0
6421,0.0
6422,0.0
6423,23700.0
6424,23700.0
6425,23900.0
6426,23900.0
6427,24200.0
6428,29700.0
6429,35300.0
6430,28500.0
6431,0.0
6432,0.0
6433,0.0
6434,19800.0
6435,40500.0
6436,38000.0
6437,28400.0
6438,0.0
6439,38900.0
6440,0.0
6441,0.0
6442,0.0
6443,46900.0
6444,0.0
6445,0.0
6446,28500.0
6447,45500.0
6448,37700.0
6449,2300.0
6450,83100.0
6451,39400.0
6452,23600.0
6453,24000.0
6454,16000.0
6455,18000.0
6456,0.0
6457,0.0
6458,18200.0
6459,29800.0
6460,0.0
6461,36000.0
6462,41600.0
6463,0.0
6464,38300.0
6465,0.0
6466,32900.0
6467,50200.0
6468,20900.0
6469,25200.0
6470,0.0
6471,32500.0
6472,18200.0
6473,22000.0
6474,27300.0
6475,29500.0
6476,29700.0
6477,18300.0
6478,0.0
6479,23800.0
6480,19000.0
6481,0.0
6482,0.0
6483,0.0
6484,0.0
6485,0.0
6486,20000.0
6487,18200.0
6488,24800.0
6489,0.0
6490,0.0
6491,57500.0
6492,32700.0
6493,36800.0
6494,25200.0
6495,10000.0
6496,324000.0
6497,24500.0
6498,21600.0
6499,0.0
6500,0.0
6501,34800.0
6502,0.0
6503,0.0
6504,19200.0
6505,17300.0
6506,19200.0
6507,19200.0
6508,0.0
6509,13500.0
6510,20500.0
6511,16300.0
6512,23100.0
6513,13200.0
6514,0.0
6515,0.0
6516,31400.0
6517,30000.0
6518,19000.0
6519,25200.0
6520,33200.0
6521,18400.0
6522,28800.0
6523,30900.0
6524,0.0
6525,42500.0
6526,0.0
6527,14800.0
6528,0.0
6529,0.0
6530,0.0
6531,25000.0
6532,20400.0
6533,23800.0
6534,23800.0
6535,23800.0
6536,0.0
6537,0.0
6538,0.0
6539,32900.0
6540,25800.0
6541,19200.0
6542,3200.0
6543,28600.0
6544,14900.0
6545,25500.0
6546,19100.0
6547,23200.0
6548,19900.0
6549,23200.0
6550,16600.0
6551,15400.0
6552,60000.0
6553,22500.0
6554,0.0
6555,20200.0
6556,38900.0
6557,34000.0
6558,15400.0
6559,18200.0
6560,15400.0
6561,62000.0
6562,13000.0
6563,15400.0
6564,15400.0
6565,28400.0
6566,13000.0
6567,28800.0
6568,17900.0
6569,37100.0
6570,66100.0
6571,29700.0
6572,0.0
6573,21800.0
6574,0.0
6575,21600.0
6576,18200.0
6577,22800.0
6578,22400.0
6579,22200.0
6580,22400.0
6581,22400.0
6582,24000.0
6583,29500.0
6584,0.0
6585,51900.0
6586,0.0
6587,40600.0
6588,17300.0
6589,15300.0
6590,25200.0
6591,0.0
6592,21500.0
6593,25000.0
6594,0.0
6595,175235.0
6596,20000.0
6597,18000.0
6598,0.0
6599,0.0
6600,22800.0
6601,36400.0
6602,18200.0
6603,18200.0
6604,0.0
6605,29400.0
6606,29400.0
6607,0.0
6608,22700.0
6609,14200.0
6610,21400.0
6611,0.0
6612,0.0
6613,20200.0
6614,0.0
6615,16500.0
6616,20400.0
6617,20200.0
6618,16300.0
6619,24600.0
6620,39500.0
6621,15500.0
6622,47200.0
6623,14100.0
6624,0.0
6625,0.0
6626,30400.0
6627,18000.0
6628,19400.0
6629,0.0
6630,19400.0
6631,0.0
6632,0.0
6633,11100.0
6634,31100.0
6635,25700.0
6636,25900.0
6637,11100.0
6638,12000.0
6639,53900.0
6640,44400.0
6641,9600.0
6642,15500.0
6643,0.0
6644,0.0
6645,0.0
6646,269900.0
6647,35500.0
6648,30000.0
6649,0.0
6650,20300.0
6651,19400.0
6652,19400.0
6653,0.0
6654,16900.0
6655,0.0
6656,27500.0
6657,0.0
6658,14300.0
6659,15500.0
6660,15500.0
6661,18500.0
6662,21500.0
6663,13100.0
6664,22700.0
6665,28500.0
6666,0.0
6667,0.0
6668,0.0
6669,17300.0
6670,17300.0
6671,20300.0
6672,23900.0
6673,28500.0
6674,21400.0
6675,9400.0
6676,20600.0
6677,30600.0
6678,23600.0
6679,16900.0
6680,13200.0
6681,0.0
6682,25300.0
6683,13500.0
6684,11400.0
6685,22400.0
6686,37000.0
6687,300900.0
6688,299900.0
6689,0.0
6690,148600.0
6691,0.0
6692,0.0
6693,30500.0
6694,14100.0
6695,15300.0
6696,20400.0
6697,28300.0
6698,22500.0
6699,0.0
6700,32800.0
6701,0.0
6702,14700.0
6703,0.0
6704,27100.0
6705,0.0
6706,13400.0
6707,0.0
6708,0.0
6709,16900.0
6710,18200.0
6711,26300.0
6712,26000.0
6713,20100.0
6714,32200.0
6715,32200.0
6716,0.0
6717,22700.0
6718,21400.0
6719,0.0
6720,0.0
6721,21500.0
6722,32700.0
6723,9500.0
6724,34000.0
6725,27500.0
6726,0.0
6727,14300.0
6728,17700.0
6729,32300.0
6730,0.0
6731,0.0
6732,0.0
6733,41800.0
6734,0.0
6735,0.0
6736,178769.0
6737,36000.0
6738,25900.0
6739,21500.0
6740,40500.0
6741,11900.0
6742,21400.0
6743,13500.0
6744,0.0
6745,24700.0
6746,21500.0
6747,0.0
6748,18000.0
6749,18000.0
6750,12200.0
6751,51300.0
6752,15900.0
6753,28300.0
6754,0.0
6755,19900.0
6756,0.0
6757,15000.0
6758,26400.0
6759,19900.0
6760,20400.0
6761,0.0
6762,20000.0
6763,45000.0
6764,0.0
6765,0.0
6766,0.0
6767,25300.0
6768,23500.0
6769,0.0
6770,190300.0
6771,23100.0
6772,23100.0
6773,19200.0
6774,13500.0
6775,0.0
6776,19200.0
6777,29300.0
6778,0.0
6779,0.0
6780,0.0
6781,37200.0
6782,0.0
6783,25700.0
6784,45100.0
6785,0.0
6786,0.0
6787,23600.0
6788,20200.0
6789,0.0
6790,0.0
6791,16300.0
6792,0.0
6793,23100.0
6794,20000.0
6795,0.0
6796,25600.0
6797,33100.0
6798,13100.0
6799,31100.0
6800,0.0
6801,0.0
6802,28500.0
6803,22700.0
6804,18000.0
6805,14300.0
6806,21600.0
6807,21600.0
6808,13100.0
6809,0.0
6810,24000.0
6811,0.0
6812,20900.0
6813,26800.0
6814,18900.0
6815,0.0
6816,0.0
6817,34800.0
6818,0.0
6819,25000.0
6820,21400.0
6821,36500.0
6822,24100.0
6823,40200.0
6824,14300.0
6825,0.0
6826,13500.0
6827,22500.0
6828,41800.0
6829,19000.0
6830,21600.0
6831,98700.0
6832,0.0
6833,0.0
6834,30000.0
6835,48000.0
6836,15500.0
6837,20400.0
6838,20400.0
6839,15300.0
6840,12900.0
6841,39400.0
6842,67300.0
6843,12900.0
6844,10300.0
6845,10600.0
6846,28500.0
6847,0.0
6848,21300.0
6849,0.0
6850,29700.0
6851,0.0
6852,45000.0
6853,25900.0
6854,36400.0
6855,24000.0
6856,20300.0
6857,16300.0
6858,15300.0
6859,0.0
6860,19200.0
6861,14300.0
6862,12200.0
6863,23200.0
6864,51800.0
6865,24800.0
6866,23600.0
6867,22000.0
6868,0.0
6869,19200.0
6870,16300.0
6871,0.0
6872,41200.0
6873,0.0
6874,15400.0
6875,15400.0
6876,15400.0
6877,18800.0
6878,54579.0
6879,24600.0
6880,0.0
6881,16700.0
6882,15500.0
6883,0.0
6884,25000.0
6885,35500.0
6886,23300.0
6887,12000.0
6888,20400.0
6889,20400.0
6890,12000.0
6891,0.0
6892,14500.0
6893,60000.0
6894,72893.0
6895,0.0
6896,23800.0
6897,0.0
6898,0.0
6899,45400.0
6900,33600.0
6901,23600.0
6902,25000.0
6903,16300.0
6904,19100.0
6905,28600.0
6906,29400.0
6907,23300.0
6908,20400.0
6909,0.0
6910,0.0
6911,20400.0
6912,10000.0
6913,14100.0
6914,0.0
6915,34800.0
6916,0.0
6917,0.0
6918,0.0
6919,0.0
6920,127600.0
6921,25300.0
6922,31400.0
6923,22500.0
6924,0.0
6925,18000.0
6926,21600.0
6927,30600.0
6928,18000.0
6929,23500.0
6930,28500.0
6931,0.0
6932,11900.0
6933,0.0
6934,0.0
6935,18400.0
6936,31000.0
6937,27500.0
6938,0.0
6939,76500.0
6940,20500.0
6941,37600.0
6942,29400.0
6943,18000.0
6944,0.0
6945,0.0
6946,22000.0
6947,22000.0
6948,0.0
6949,19200.0
6950,26600.0
6951,22400.0
6952,26600.0
6953,23600.0
6954,30800.0
6955,24400.0
6956,0.0
6957,24700.0
6958,24200.0
6959,0.0
6960,0.0
6961,0.0
6962,36500.0
6963,13000.0
6964,23200.0
6965,15400.0
6966,33600.0
6967,24700.0
6968,23900.0
6969,0.0
6970,0.0
6971,0.0
6972,48200.0
6973,0.0
6974,37700.0
6975,32900.0
6976,9500.0
6977,0.0
6978,33000.0
6979,19200.0
6980,20600.0
6981,0.0
6982,30800.0
6983,0.0
6984,25800.0
6985,59800.0
6986,0.0
6987,50000.0
6988,0.0
6989,0.0
6990,19000.0
6991,0.0
6992,22300.0
6993,0.0
6994,40900.0
6995,25000.0
6996,26300.0
6997,0.0
6998,24700.0
6999,15400.0
7000,42000.0
7001,33600.0
7002,0.0
7003,26500.0
7004,80800.0
7005,62000.0
7006,0.0
7007,32000.0
7008,11800.0
7009,13500.0
7010,15900.0
7011,299900.0
7012,34400.0
7013,33300.0
7014,25900.0
7015,20900.0
7016,24700.0
7017,0.0
7018,16000.0
7019,0.0
7020,0.0
7021,39300.0
7022,20200.0
7023,0.0
7024,27300.0
7025,0.0
7026,13500.0
7027,13400.0
7028,26800.0
7029,27400.0
7030,16500.0
7031,23600.0
7032,25400.0
7033,0.0
7034,102826.0
7035,27100.0
7036,24300.0
7037,25000.0
7038,19000.0
7039,37100.0
7040,20400.0
7041,16500.0
7042,23100.0
7043,62200.0
7044,0.0
7045,20400.0
7046,30900.0
7047,24700.0
7048,22700.0
7049,0.0
7050,34000.0
7051,0.0
7052,18700.0
7053,0.0
7054,9600.0
7055,20300.0
7056,0.0
7057,20400.0
7058,25300.0
7059,20100.0
7060,23800.0
7061,79600.0
7062,24000.0
7063,20000.0
7064,0.0
7065,116000.0
7066,22800.0
7067,17900.0
7068,0.0
7069,19400.0
7070,19500.0
7071,19400.0
7072,0.0
7073,19900.0
7074,15000.0
7075,33500.0
7076,31400.0
7077,30900.0
7078,0.0
7079,0.0
7080,16600.0
7081,18000.0
7082,21400.0
7083,28600.0
7084,26500.0
7085,23900.0
7086,25100.0
7087,32500.0
7088,44200.0
7089,31700.0
7090,15900.0
7091,19900.0
7092,35500.0
7093,0.0
7094,19000.0
7095,0.0
7096,15400.0
7097,0.0
7098,0.0
7099,20500.0
7100,35200.0
7101,22000.0
7102,22000.0
7103,0.0
7104,23200.0
7105,59900.0
7106,21200.0
7107,19900.0
7108,20400.0
7109,0.0
7110,19200.0
7111,15500.0
7112,83100.0
7113,17900.0
7114,14100.0
7115,24200.0
7116,18800.0
7117,21500.0
7118,29300.0
7119,0.0
7120,21500.0
7121,19200.0
7122,24100.0
7123,22800.0
7124,24800.0
7125,0.0
7126,22700.0
7127,19800.0
7128,30100.0
7129,27500.0
7130,87500.0
7131,0.0
7132,22700.0
7133,20600.0
7134,20900.0
7135,23400.0
7136,0.0
7137,36400.0
7138,55000.0
7139,23800.0
7140,23900.0
7141,26600.0
7142,39800.0
7143,22700.0
7144,29800.0
7145,14100.0
7146,0.0
7147,0.0
7148,43500.0
7149,13100.0
7150,15900.0
7151,11900.0
7152,19600.0
7153,24000.0
7154,11200.0
7155,20400.0
7156,30000.0
7157,0.0
7158,0.0
7159,0.0
7160,31600.0
7161,33600.0
7162,27100.0
7163,22800.0
7164,24100.0
7165,0.0
7166,0.0
7167,0.0
7168,0.0
7169,20500.0
7170,19400.0
7171,29500.0
7172,27300.0
7173,59900.0
7174,0.0
7175,34200.0
7176,0.0
7177,0.0
7178,0.0
7179,23400.0
7180,13400.0
7181,0.0
7182,45400.0
7183,20300.0
7184,22300.0
7185,35500.0
7186,0.0
7187,15300.0
7188,0.0
7189,22200.0
7190,0.0
7191,29000.0
7192,20300.0
7193,0.0
7194,14300.0
7195,42000.0
7196,0.0
7197,20000.0
7198,30800.0
7199,28500.0
7200,0.0
7201,12900.0
7202,46700.0
7203,21600.0
7204,9500.0
7205,0.0
7206,19800.0
7207,38600.0
7208,0.0
7209,24200.0
7210,30100.0
7211,20400.0
7212,20400.0
7213,37300.0
7214,0.0
7215,0.0
7216,0.0
7217,0.0
7218,0.0
7219,33500.0
7220,32900.0
7221,17600.0
7222,0.0
7223,0.0
7224,21400.0
7225,32800.0
7226,25900.0
7227,30900.0
7228,18000.0
7229,25100.0
7230,22000.0
7231,14100.0
7232,0.0
7233,0.0
7234,0.0
7235,24200.0
7236,28300.0
7237,22800.0
7238,0.0
7239,38800.0
7240,41900.0
7241,26400.0
7242,0.0
7243,16900.0
7244,0.0
7245,44000.0
7246,15900.0
7247,41000.0
7248,56500.0
7249,0.0
7250,0.0
7251,25000.0
7252,13500.0
7253,15400.0
7254,22500.0
7255,57500.0
7256,0.0
7257,22300.0
7258,19400.0
7259,0.0
7260,20000.0
7261,20000.0
7262,25200.0
7263,96600.0
7264,24600.0
7265,0.0
7266,0.0
7267,14700.0
7268,0.0
7269,15400.0
7270,27400.0
7271,0.0
7272,16600.0
7273,0.0
7274,0.0
7275,11900.0
7276,0.0
7277,21500.0
7278,24100.0
7279,45000.0
7280,0.0
7281,32300.0
7282,33500.0
7283,33600.0
7284,25200.0
7285,33000.0
7286,0.0
7287,39500.0
7288,0.0
7289,12100.0
7290,12100.0
7291,16000.0
7292,19600.0
7293,37200.0
7294,20400.0
7295,26200.0
7296,64700.0
7297,59800.0
7298,0.0
7299,30600.0
7300,22000.0
7301,20300.0
7302,10700.0
7303,19000.0
7304,26100.0
7305,25900.0
7306,0.0
7307,0.0
7308,13200.0
7309,13200.0
7310,0.0
7311,0.0
7312,0.0
7313,0.0
7314,37300.0
7315,149500.0
7316,25000.0
7317,4400.0
7318,25500.0
7319,0.0
7320,13500.0
7321,0.0
7322,25000.0
7323,18900.0
7324,38200.0
7325,0.0
7326,0.0
7327,70117.0
7328,19200.0
7329,43000.0
7330,40000.0
7331,19200.0
7332,22000.0
7333,0.0
7334,0.0
7335,0.0
7336,14700.0
7337,0.0
7338,16900.0
7339,0.0
7340,25900.0
7341,24000.0
7342,27500.0
7343,116000.0
7344,0.0
7345,0.0
7346,23600.0
7347,34200.0
7348,31000.0
7349,0.0
7350,0.0
7351,25700.0
7352,25100.0
7353,27300.0
7354,0.0
7355,0.0
7356,27300.0
7357,0.0
7358,26100.0
7359,37000.0
7360,31800.0
7361,21500.0
7362,42100.0
7363,15500.0
7364,23900.0
7365,41900.0
7366,0.0
7367,19000.0
7368,0.0
7369,32000.0
7370,48500.0
7371,31100.0
7372,18000.0
7373,64700.0
7374,63800.0
7375,32800.0
7376,0.0
7377,38600.0
7378,13400.0
7379,0.0
7380,0.0
7381,9600.0
7382,35600.0
7383,38000.0
7384,45100.0
7385,0.0
7386,29100.0
7387,22800.0
7388,0.0
7389,0.0
7390,42600.0
7391,35600.0
7392,30000.0
7393,38800.0
7394,43300.0
7395,14700.0
7396,59800.0
7397,19400.0
7398,17300.0
7399,25000.0
7400,0.0
7401,42100.0
7402,0.0
7403,13500.0
7404,13700.0
7405,24200.0
7406,24200.0
7407,27100.0
7408,23900.0
7409,30700.0
7410,34100.0
7411,28500.0
7412,0.0
7413,27400.0
7414,31200.0
7415,0.0
7416,0.0
7417,26900.0
7418,24200.0
7419,17100.0
7420,0.0
7421,0.0
7422,14200.0
7423,26000.0
7424,0.0
7425,0.0
7426,0.0
7427,27500.0
7428,0.0
7429,22500.0
7430,5000.0
7431,0.0
7432,20400.0
7433,33700.0
7434,19500.0
7435,23500.0
7436,15300.0
7437,12300.0
7438,14200.0
7439,25900.0
7440,31800.0
7441,27800.0
7442,31700.0
7443,0.0
7444,132607.0
7445,13400.0
7446,30500.0
7447,0.0
7448,0.0
7449,19400.0
7450,28200.0
7451,24000.0
7452,22500.0
7453,35600.0
7454,8000.0
7455,13000.0
7456,14200.0
7457,0.0
7458,22800.0
7459,0.0
7460,24200.0
7461,16800.0
7462,0.0
7463,23600.0
7464,0.0
7465,41600.0
7466,17600.0
7467,28800.0
7468,12000.0
7469,0.0
7470,0.0
7471,11100.0
7472,0.0
7473,30000.0
7474,0.0
7475,0.0
7476,22300.0
7477,27500.0
7478,0.0
7479,17300.0
7480,0.0
7481,45000.0
7482,0.0
7483,0.0
7484,49000.0
7485,24100.0
7486,70900.0
7487,18000.0
7488,20000.0
7489,23100.0
7490,0.0
7491,11100.0
7492,14400.0
7493,0.0
7494,0.0
7495,15400.0
7496,51500.0
7497,0.0
7498,0.0
7499,8000.0
7500,0.0
7501,21800.0
7502,13500.0
7503,0.0
7504,14400.0
7505,0.0
7506,27500.0
7507,28400.0
7508,0.0
7509,33000.0
7510,19200.0
7511,24000.0
7512,15500.0
7513,22700.0
7514,15200.0
7515,15200.0
7516,19500.0
7517,15500.0
7518,12100.0
7519,24300.0
7520,12100.0
7521,17900.0
7522,40200.0
7523,0.0
7524,22700.0
7525,46800.0
7526,31000.0
7527,12500.0
7528,0.0
7529,0.0
7530,0.0
7531,0.0
7532,0.0
7533,0.0
7534,0.0
7535,29100.0
7536,36500.0
7537,17300.0
7538,0.0
7539,59400.0
7540,48000.0
7541,23800.0
7542,12600.0
7543,0.0
7544,23800.0
7545,21400.0
7546,0.0
7547,0.0
7548,23500.0
7549,0.0
7550,22000.0
7551,0.0
7552,18000.0
7553,15300.0
7554,54300.0
7555,13400.0
7556,19800.0
7557,45100.0
7558,31900.0
7559,0.0
7560,0.0
7561,0.0
7562,18400.0
7563,30800.0
7564,23700.0
7565,37100.0
7566,24100.0
7567,0.0
7568,0.0
7569,0.0
7570,0.0
7571,30100.0
7572,0.0
7573,18300.0
7574,0.0
7575,94200.0
7576,83100.0
7577,12200.0
7578,19400.0
7579,32600.0
7580,22800.0
7581,2200.0
7582,10900.0
7583,0.0
7584,0.0
7585,51900.0
7586,47200.0
7587,24000.0
7588,0.0
7589,0.0
7590,0.0
7591,11800.0
7592,32800.0
7593,20900.0
7594,8300.0
7595,21600.0
7596,24200.0
7597,30800.0
7598,0.0
7599,35300.0
7600,0.0
7601,33600.0
7602,0.0
7603,0.0
7604,20000.0
7605,0.0
7606,0.0
7607,20000.0
7608,25100.0
7609,59800.0
7610,0.0
7611,31600.0
7612,0.0
7613,30400.0
7614,30700.0
7615,0.0
7616,29000.0
7617,27700.0
7618,30600.0
7619,0.0
7620,49000.0
7621,43000.0
7622,49000.0
7623,0.0
7624,51000.0
7625,56500.0
7626,23800.0
7627,0.0
7628,14200.0
7629,28300.0
7630,13000.0
7631,0.0
7632,0.0
7633,25200.0
7634,19200.0
7635,51500.0
7636,18000.0
7637,25000.0
7638,32500.0
7639,0.0
7640,0.0
7641,61400.0
7642,22000.0
7643,40500.0
7644,0.0
7645,0.0
7646,0.0
7647,19600.0
7648,23100.0
7649,24800.0
7650,19600.0
7651,22000.0
7652,0.0
7653,13400.0
7654,36000.0
7655,28900.0
7656,22300.0
7657,45500.0
7658,0.0
7659,0.0
7660,0.0
7661,18500.0
7662,26500.0
7663,0.0
7664,17100.0
7665,28500.0
7666,22700.0
7667,32500.0
7668,0.0
7669,0.0
7670,0.0
7671,18700.0
7672,15400.0
7673,18000.0
7674,37800.0
7675,0.0
7676,0.0
7677,13500.0
7678,25500.0
7679,0.0
7680,36400.0
7681,0.0
7682,0.0
7683,0.0
7684,0.0
7685,0.0
7686,0.0
7687,0.0
7688,0.0
7689,0.0
7690,0.0
7691,0.0
7692,0.0
7693,0.0
7694,0.0
7695,0.0
7696,0.0
7697,0.0
7698,0.0
7699,0.0
7700,0.0
7701,0.0
7702,0.0
7703,0.0
7704,0.0
7705,0.0
7706,0.0
7707,0.0
7708,0.0
7709,0.0
7710,0.0
7711,0.0
7712,0.0
7713,0.0
7714,0.0
7715,0.0
7716,0.0
7717,0.0
7718,0.0
7719,0.0
7720,0.0
7721,0.0
7722,0.0
7723,0.0
7724,0.0
7725,0.0
7726,0.0
7727,0.0
7728,0.0
7729,0.0
7730,0.0
7731,0.0
7732,0.0
7733,0.0
7734,0.0
7735,0.0
7736,0.0
7737,0.0
7738,0.0
7739,0.0
7740,0.0
7741,0.0
7742,0.0
7743,0.0
7744,0.0
7745,0.0
7746,0.0
7747,0.0
7748,0.0
7749,0.0
7750,0.0
7751,0.0
7752,0.0
7753,0.0
7754,0.0
7755,0.0
7756,0.0
7757,0.0
7758,0.0
7759,0.0
7760,0.0
7761,0.0
7762,0.0
7763,0.0
7764,0.0
7765,0.0
7766,0.0
7767,0.0
7768,0.0
7769,0.0
7770,0.0
7771,0.0
7772,0.0
7773,0.0
7774,0.0
7775,0.0
7776,0.0
7777,0.0
7778,0.0
7779,0.0
7780,0.0
7781,0.0
7782,0.0
7783,0.0
7784,0.0
7785,0.0
7786,0.0
7787,0.0
7788,0.0
7789,0.0
7790,0.0
7791,0.0
7792,0.0
7793,0.0
7794,0.0
7795,0.0
7796,0.0
7797,0.0
7798,0.0
7799,0.0
7800,0.0
7801,0.0
7802,0.0
7803,0.0
7804,0.0
7805,0.0
7806,0.0
7807,0.0
7808,0.0
7809,0.0
7810,0.0
7811,0.0
7812,0.0
7813,0.0
7814,0.0
7815,0.0
7816,0.0
7817,0.0
7818,0.0
7819,0.0
7820,0.0
7821,0.0
7822,0.0
7823,0.0
7824,0.0
7825,0.0
7826,0.0
7827,0.0
7828,0.0
7829,0.0
7830,0.0
7831,0.0
7832,0.0
7833,0.0
7834,0.0
7835,0.0
7836,0.0
7837,0.0
7838,0.0
7839,0.0
7840,0.0
7841,0.0
7842,0.0
7843,0.0
7844,0.0
7845,0.0
7846,0.0
7847,0.0
7848,0.0
7849,0.0
7850,0.0
7851,0.0
7852,0.0
7853,0.0
7854,0.0
7855,0.0
7856,0.0
7857,0.0
7858,0.0
7859,0.0
7860,0.0
7861,0.0
7862,0.0
7863,0.0
7864,0.0
7865,0.0
7866,0.0
7867,0.0
7868,0.0
7869,0.0
7870,0.0
7871,0.0
7872,0.0
7873,0.0
7874,0.0
7875,0.0
7876,0.0
7877,0.0
7878,0.0
7879,0.0
7880,0.0
7881,0.0
7882,0.0
7883,0.0
7884,0.0
7885,0.0
7886,0.0
7887,0.0
7888,0.0
7889,0.0
7890,0.0
7891,0.0
7892,0.0
7893,0.0
7894,0.0
7895,0.0
7896,0.0
7897,0.0
7898,0.0
7899,0.0
7900,0.0
7901,0.0
7902,0.0
7903,0.0
7904,0.0
7905,0.0
7906,0.0
7907,0.0
7908,0.0
7909,0.0
7910,0.0
7911,0.0
7912,0.0
7913,0.0
7914,0.0
7915,0.0
7916,0.0
7917,0.0
7918,0.0
7919,0.0
7920,0.0
7921,0.0
7922,0.0
7923,0.0
7924,0.0
7925,0.0
7926,0.0
7927,0.0
7928,0.0
7929,0.0
7930,0.0
7931,0.0
7932,0.0
7933,0.0
7934,0.0
7935,0.0
7936,0.0
7937,0.0
7938,0.0
7939,0.0
7940,0.0
7941,0.0
7942,0.0
7943,0.0
7944,0.0
7945,0.0
7946,0.0
7947,0.0
7948,0.0
7949,0.0
7950,0.0
7951,0.0
7952,0.0
7953,0.0
7954,0.0
7955,0.0
7956,0.0
7957,0.0
7958,0.0
7959,0.0
7960,0.0
7961,0.0
7962,0.0
7963,0.0
7964,0.0
7965,0.0
7966,0.0
7967,0.0
7968,0.0
7969,0.0
7970,0.0
7971,0.0
7972,0.0
7973,0.0
7974,0.0
7975,0.0
7976,0.0
7977,0.0
7978,0.0
7979,0.0
7980,0.0
7981,0.0
7982,0.0
7983,0.0
7984,0.0
7985,0.0
7986,0.0
7987,0.0
7988,0.0
7989,0.0
7990,0.0
7991,0.0
7992,0.0
7993,0.0
7994,0.0
7995,0.0
7996,0.0
7997,0.0
7998,0.0
7999,0.0
8000,0.0
8001,0.0
8002,0.0
8003,0.0
8004,0.0
8005,0.0
8006,0.0
8007,0.0
8008,0.0
8009,0.0
8010,0.0
8011,0.0
8012,0.0
8013,0.0
8014,0.0
8015,0.0
8016,0.0
8017,0.0
8018,0.0
8019,0.0
8020,0.0
8021,0.0
8022,0.0
8023,0.0
8024,0.0
8025,0.0
8026,0.0
8027,0.0
8028,0.0
8029,0.0
8030,20400.0
8031,30500.0
8032,16400.0
8033,16900.0
8034,41800.0
8035,26100.0
8036,107640.0
8037,32800.0
8038,35200.0
8039,26300.0
8040,29100.0
8041,29100.0
8042,29100.0
8043,21400.0
8044,0.0
8045,11900.0
8046,19200.0
8047,18200.0
8048,30800.0
8049,19400.0
8050,38700.0
8051,0.0
8052,32600.0
8053,19200.0
8054,64700.0
8055,10700.0
8056,20300.0
8057,20100.0
8058,40200.0
8059,15500.0
8060,30800.0
8061,22800.0
8062,0.0
8063,20400.0
8064,19600.0
8065,31700.0
8066,16900.0
8067,16900.0
8068,16900.0
8069,8000.0
8070,8000.0
8071,34700.0
8072,18800.0
8073,0.0
8074,0.0
8075,20400.0
8076,25300.0
8077,24000.0
8078,20000.0
8079,20000.0
8080,34600.0
8081,24200.0
8082,0.0
8083,0.0
8084,0.0
8085,35200.0
8086,25200.0
8087,29300.0
8088,8000.0
8089,35300.0
8090,37500.0
8091,21600.0
8092,0.0
8093,0.0
8094,0.0
8095,1600.0
8096,13200.0
8097,18000.0
8098,0.0
8099,24800.0
8100,0.0
8101,25000.0
8102,0.0
8103,16000.0
8104,0.0
8105,0.0
8106,0.0
8107,17900.0
8108,17300.0
8109,20600.0
8110,17800.0
8111,7500.0
8112,32800.0
8113,33400.0
8114,0.0
8115,57900.0
8116,57900.0
8117,0.0
8118,0.0
8119,78700.0
8120,30700.0
8121,20200.0
8122,0.0
8123,39500.0
8124,30400.0
8125,122000.0
8126,18700.0
8127,25700.0
8128,15900.0
8129,0.0
8130,17800.0
8131,30800.0
8132,0.0
8133,19000.0
8134,43300.0
8135,31800.0
8136,30000.0
8137,14300.0
8138,34500.0
8139,41200.0
8140,119085.0
8141,31700.0
8142,16600.0
8143,16600.0
8144,43200.0
8145,41100.0
8146,50000.0
8147,23300.0
8148,28800.0
8149,38000.0
8150,0.0
8151,0.0
8152,20200.0
8153,19200.0
8154,30900.0
8155,40000.0
8156,21600.0
8157,45100.0
8158,40000.0
8159,0.0
8160,23700.0
8161,25900.0
8162,34000.0
8163,0.0
8164,0.0
8165,6800.0
8166,50600.0
8167,28800.0
8168,15400.0
8169,29300.0
8170,30400.0
8171,22800.0
8172,18200.0
8173,22800.0
8174,19400.0
8175,14700.0
8176,32600.0
8177,0.0
8178,32600.0
8179,35300.0
8180,25200.0
8181,16400.0
8182,24500.0
8183,8000.0
8184,0.0
8185,26000.0
8186,13100.0
8187,0.0
8188,0.0
8189,51200.0
8190,96600.0
8191,40400.0
8192,14200.0
8193,40500.0
8194,30800.0
8195,59700.0
8196,0.0
8197,16000.0
8198,110627.0
8199,37200.0
8200,14200.0
8201,43200.0
8202,47700.0
8203,39600.0
8204,0.0
8205,32700.0
8206,78700.0
8207,23100.0
8208,12500.0
8209,0.0
8210,34500.0
8211,0.0
8212,0.0
8213,15900.0
8214,18700.0
8215,17100.0
8216,0.0
8217,30800.0
8218,0.0
8219,17100.0
8220,32200.0
8221,0.0
8222,25900.0
8223,43000.0
8224,30100.0
8225,12500.0
8226,23900.0
8227,27500.0
8228,31900.0
8229,51200.0
8230,21400.0
8231,0.0
8232,34700.0
8233,36800.0
8234,44800.0
8235,43300.0
8236,27700.0
8237,0.0
8238,0.0
8239,0.0
8240,11900.0
8241,0.0
8242,10700.0
8243,0.0
8244,27300.0
8245,16500.0
8246,42000.0
8247,14100.0
8248,26200.0
8249,0.0
8250,26400.0
8251,28800.0
8252,19400.0
8253,16600.0
8254,0.0
8255,0.0
8256,17800.0
8257,22500.0
8258,20400.0
8259,15500.0
8260,23800.0
8261,48300.0
8262,13500.0
8263,30800.0
8264,20000.0
8265,0.0
8266,22400.0
8267,31100.0
8268,109200.0
8269,25900.0
8270,32600.0
8271,13000.0
8272,18800.0
8273,18700.0
8274,21500.0
8275,41200.0
8276,29000.0
8277,53800.0
8278,31800.0
8279,29500.0
8280,20200.0
8281,2800.0
8282,65800.0
8283,44200.0
8284,0.0
8285,16500.0
8286,15400.0
8287,16700.0
8288,0.0
8289,64700.0
8290,0.0
8291,23900.0
8292,39900.0
8293,0.0
8294,37100.0
8295,21500.0
8296,83100.0
8297,16500.0
8298,30000.0
8299,33500.0
8300,22500.0
8301,96600.0
8302,37100.0
8303,0.0
8304,0.0
8305,0.0
8306,14800.0
8307,18300.0
8308,39900.0
8309,0.0
8310,0.0
8311,0.0
8312,0.0
8313,48100.0
8314,0.0
8315,39800.0
8316,13100.0
8317,18900.0
8318,26100.0
8319,0.0
8320,26300.0
8321,18700.0
8322,18200.0
8323,14500.0
8324,18200.0
8325,0.0
8326,22500.0
8327,42500.0
8328,0.0
8329,34800.0
8330,0.0
8331,38000.0
8332,59400.0
8333,19200.0
8334,70600.0
8335,25000.0
8336,30500.0
8337,91700.0
8338,0.0
8339,0.0
8340,23800.0
8341,13100.0
8342,75400.0
8343,0.0
8344,15900.0
8345,30800.0
8346,45700.0
8347,21500.0
8348,16700.0
8349,0.0
8350,0.0
8351,16900.0
8352,32700.0
8353,20200.0
8354,21500.0
8355,29200.0
8356,30500.0
8357,9600.0
8358,23900.0
8359,18200.0
8360,0.0
8361,32900.0
8362,43700.0
8363,0.0
8364,24700.0
8365,67300.0
8366,36700.0
8367,13100.0
8368,0.0
8369,0.0
8370,109200.0
8371,25800.0
8372,0.0
8373,25500.0
8374,69800.0
8375,0.0
8376,0.0
8377,63700.0
8378,26100.0
8379,13400.0
8380,23500.0
8381,16400.0
8382,0.0
8383,26100.0
8384,74500.0
8385,0.0
8386,50200.0
8387,43000.0
8388,0.0
8389,20200.0
8390,25500.0
8391,24000.0
8392,22000.0
8393,23800.0
8394,0.0
8395,0.0
8396,0.0
8397,46800.0
8398,43700.0
8399,34400.0
8400,27500.0
8401,0.0
8402,20500.0
8403,17900.0
8404,0.0
8405,0.0
8406,0.0
8407,19200.0
8408,42100.0
8409,31900.0
8410,0.0
8411,34100.0
8412,21300.0
8413,26500.0
8414,18000.0
8415,0.0
8416,12100.0
8417,13000.0
8418,55800.0
8419,0.0
8420,52400.0
8421,29800.0
8422,21500.0
8423,0.0
8424,27400.0
8425,18000.0
8426,11700.0
8427,0.0
8428,137000.0
8429,0.0
8430,62200.0
8431,37100.0
8432,34100.0
8433,0.0
8434,0.0
8435,22000.0
8436,13100.0
8437,14200.0
8438,28800.0
8439,35500.0
8440,0.0
8441,29300.0
8442,32600.0
8443,0.0
8444,23700.0
8445,63600.0
8446,0.0
8447,0.0
8448,0.0
8449,0.0
8450,0.0
8451,23900.0
8452,27300.0
8453,20200.0
8454,17800.0
8455,0.0
8456,26400.0
8457,33500.0
8458,0.0
8459,0.0
8460,14100.0
8461,13200.0
8462,16300.0
8463,17900.0
8464,25500.0
8465,22000.0
8466,29600.0
8467,30200.0
8468,57000.0
8469,31100.0
8470,24000.0
8471,18700.0
8472,20400.0
8473,25900.0
8474,0.0
8475,0.0
8476,0.0
8477,53900.0
8478,18400.0
8479,0.0
8480,0.0
8481,0.0
8482,78500.0
8483,36500.0
8484,0.0
8485,13500.0
8486,0.0
8487,0.0
8488,3200.0
8489,0.0
8490,27500.0
8491,22800.0
8492,21500.0
8493,30500.0
8494,49500.0
8495,14700.0
8496,34800.0
8497,18600.0
8498,42100.0
8499,21600.0
8500,25900.0
8501,25700.0
8502,43700.0
8503,0.0
8504,0.0
8505,43000.0
8506,64700.0
8507,23800.0
8508,37900.0
8509,40300.0
8510,38000.0
8511,16800.0
8512,47300.0
8513,0.0
8514,35800.0
8515,24500.0
8516,21300.0
8517,12900.0
8518,22000.0
8519,22300.0
8520,15600.0
8521,24600.0
8522,46000.0
8523,25500.0
8524,13100.0
8525,31200.0
8526,36400.0
8527,0.0
8528,116000.0
8529,43700.0
8530,108209.0
8531,26500.0
8532,11800.0
8533,66100.0
8534,15000.0
8535,48000.0
8536,23800.0
8537,8100.0
8538,19200.0
8539,0.0
8540,0.0
8541,18100.0
8542,45600.0
8543,42400.0
8544,42400.0
8545,23900.0
8546,18000.0
8547,0.0
8548,37700.0
8549,38300.0
8550,17300.0
8551,13100.0
8552,21700.0
8553,18900.0
8554,43200.0
8555,20000.0
8556,28500.0
8557,0.0
8558,83100.0
8559,12900.0
8560,19100.0
8561,0.0
8562,0.0
8563,0.0
8564,19200.0
8565,29400.0
8566,14300.0
8567,31800.0
8568,0.0
8569,0.0
8570,61400.0
8571,14200.0
8572,25200.0
8573,20600.0
8574,20400.0
8575,63800.0
8576,0.0
8577,73600.0
8578,49500.0
8579,0.0
8580,31900.0
8581,18200.0
8582,56300.0
8583,18200.0
8584,0.0
8585,59800.0
8586,0.0
8587,16300.0
8588,37900.0
8589,30000.0
8590,28500.0
8591,72900.0
8592,0.0
8593,15500.0
8594,228900.0
8595,0.0
8596,24000.0
8597,0.0
8598,24400.0
8599,32700.0
8600,34700.0
8601,0.0
8602,17100.0
8603,11900.0
8604,11900.0
8605,0.0
8606,0.0
8607,0.0
8608,17700.0
8609,23900.0
8610,26200.0
8611,22500.0
8612,0.0
8613,32800.0
8614,45500.0
8615,31100.0
8616,0.0
8617,0.0
8618,58600.0
8619,40800.0
8620,24000.0
8621,0.0
8622,23600.0
8623,12800.0
8624,0.0
8625,0.0
8626,33600.0
8627,0.0
8628,0.0
8629,25500.0
8630,0.0
8631,19000.0
8632,0.0
8633,23500.0
8634,103400.0
8635,23800.0
8636,14500.0
8637,20000.0
8638,20000.0
8639,20000.0
8640,12900.0
8641,0.0
8642,0.0
8643,0.0
8644,0.0
8645,19900.0
8646,0.0
8647,13400.0
8648,24500.0
8649,49300.0
8650,28200.0
8651,25000.0
8652,0.0
8653,0.0
8654,0.0
8655,15900.0
8656,0.0
8657,0.0
8658,19500.0
8659,47000.0
8660,83100.0
8661,13400.0
8662,23800.0
8663,0.0
8664,25400.0
8665,26100.0
